#,World Check Sanctions List,Data Links,Type,Data Available?,Global/Local,link/URL,Scrapper Available/ Not Available,Developer,Status
4,AUSTRALIA - ACCC - Australian Competition and Consumer Commission,https://www.legislation.gov.au/Details/C2018C00437,,,Local,https://www.accc.gov.au,Scrapper Not Available,,
5,AUSTRALIA - ANS-TERR - Australian National Security,https://www.nationalsecurity.gov.au/listedterroristorganisations/pages/default.aspx,Webpage,Data,Local,https://asic.gov.au/about-asic/what-we-do/our-role/other-regulators-and-organisations/the-apra-asic-relationship/,Scrapper Not Available,Barkat,Done
6,AUSTRALIA - APRA - Australian Prudential Reg. Authority,https://data.gov.au/organization/australianprudentialregulationauthority,XLS/PDF,Data,Local,https://www.apra.gov.au,Scrapper Not Available,,
9,AUSTRALIA - AUASX - Australian Securities Exchange,https://www.asx.com.au/asx/research/listedCompanies.do,Webpage,Data,Local,https://www.asx.com.au,Scrapper Not Available,Salman,Done
10,AUSTRALIA - DEPT OF FOREIGN AFFAIRS AND TRADE - SUBJECT TO UNSC TRAVEL BAN - DFAT-UNTB,https://dfat.gov.au/international-relations/security/sanctions/Pages/sanctions.aspx,Webpage,Data,Global,https://dfat.gov.au/international-relations/security/sanctions/Pages/sanctions.aspx,Scrapper Not Available,Salman,Done
11,AUSTRALIA - DFAT - Dept Foreign Affairs & Trade.,https://dfat.gov.au/international-relations/security/sanctions/Pages/sanctions.aspx,Webpage,Data,Global,https://dfat.gov.au/international-relations/security/sanctions/Pages/sanctions.aspx,Scrapper Not Available,Barkat,
12,AUSTRALIA - DFAT-AS - Dept Foreign Affairs - Autonomous Sanctions.,https://dfat.gov.au/international-relations/security/sanctions/Pages/sanctions.aspx,Webpage,Data,Global,https://dfat.gov.au/international-relations/security/sanctions/Pages/sanctions.aspx,Scrapper Not Available,Sharjeel,Pending
13,AUSTRALIA - DFAT-ASFSR - Dept Foreign Affairs - Financial Restrictions Russia,https://dfat.gov.au/international-relations/security/sanctions/Pages/sanctions.aspx,Webpage,Data,Global,https://dfat.gov.au/international-relations/security/sanctions/Pages/sanctions.aspx,Scrapper Not Available,,
14,AUSTRALIA - DFAT-ASTB - Dept Foreign Affairs Autonomous Sanctions Travel Bans,https://dfat.gov.au/international-relations/security/sanctions/Pages/sanctions.aspx,Webpage,Data,Global,https://dfat.gov.au/international-relations/security/sanctions/Pages/sanctions.aspx,Scrapper Not Available,,
15,AUSTRALIA - DFAT-TB - Dept Foreign Affairs - UN Travel Bans.,https://dfat.gov.au/international-relations/security/sanctions/Pages/sanctions.aspx,Webpage,Data,Global,https://dfat.gov.au/international-relations/security/sanctions/Pages/sanctions.aspx,Scrapper Not Available,,
16,AUSTRALIA - DFAT-UN - Dept Foreign Affairs & Trade UNSC Financial Sanctions.,https://dfat.gov.au/international-relations/security/sanctions/Pages/sanctions.aspx,Webpage,Data,Global,https://dfat.gov.au/international-relations/security/sanctions/Pages/sanctions.aspx,Scrapper Not Available,,
17,AUSTRALIA - IND. COMM. AGAINST CORRUPTION - ICACAUS,https://dfat.gov.au/international-relations/security/sanctions/Pages/sanctions.aspx,Webpage,Data,Local,https://www.fma.gv.at/en/cross-sectoral-topics/prevention-of-money-laundering-terrorist-financing/country-and-sanctions-lists/,Scrapper Not Available,,
18,AUSTRIA - ACB - Oesterreichische National Bank - Terrorism List,https://www.oenb.at/Ueber-Uns/Rechtliche-Grundlagen/Verordnungen-nach-DevG.html,,,Global,https://www.oenb.at/en/Payment-Processing/Credit-Transfers/Embargo-Provisions.html,Scrapper Not Available,,
20,AUSTRIA - FMA - Financial Market Authority,https://www.fma.gv.at/en/search-company-database/,Webpage,Data,Local,https://www.fma.gv.at/en/,Scrapper Not Available,,
21,AZERBAIJAN - AZFMS - Financial Monitoring Service - Sanctions Notices,http://www.fiu.az/eng/list-of-designated-persons-updated/,,,,http://www.fiu.az/eng/list-of-designated-persons-updated/,Scrapper Not Available,,
24,BAHAMAS - CENTRAL BANK WARNING NOTICES - CBBW,https://www.centralbank.ie/regulation/how-we-regulate/authorisation/unauthorised-firms/search-unauthorised-firms,Webpage,Data,Local,http://www.centralbankbahamas.com/legal_notices.php,Scrapper Not Available,Shahzaib,Done
26,BAHRAIN - BHTOL-Q - Bahrain Terror List - Qatar Linked,https://www.thenational.ae/world/gcc/uae-saudi-arabia-add-13-qatar-linked-individuals-and-entities-to-terror-list-1.678021,Webpage,Data,Local,https://edition.cnn.com/2017/06/05/middleeast/saudi-bahrain-egypt-uae-qatar-terror/index.html,Scrapper Not Available,,
29,BOSNIA AND HERZEGOVINA - BACBH - Court of Bosnia and Herzegovina,https://www.icj-cij.org/en/list-of-all-cases,Webpage,Data,Local,http://www.ccbh.ba/osnovni-akti/pravila-suda/uvod/?title=uvod&second=true&lang=en,Scrapper Not Available,,
30,BERMUDA - BMA - Bermuda Monetary Authority,http://www.bma.bm/aml-atf/SitePages/Registered%20Non-Licensed%20Persons.aspx,PDF,Data,Local,http://www.bma.bm/SitePages/Home.aspx,Scrapper Available but not integrated in LMS,,
31,BRAZIL - BRCEPIM - Impeded Non-Profit Organisations,https://en.wikipedia.org/wiki/Category:Non-profit_organisations_based_in_Brazil,Webpage,Data,Local,http://www.mondaq.com/brazil/x/413418/Corporate+Commercial+Law/Brazil+Nonprofit+Organizations+In+Brazil,Scrapper Not Available,,
32,CANADA - CAAMF - Autorite Des Marches Financiers,https://lautorite.qc.ca/en/general-public/registers/register-of-firms-and-individuals-authorized-to-practise/,,,Local,https://lautorite.qc.ca/grand-public/,Scrapper Not Available,,
33,CANADA - CAASC - Alberta Securities Commission,http://www.albertasecurities.com/industry/issuer-regulation/Pages/reporting-issuer-list.aspx,PDF,Data,Local,http://www.albertasecurities.com/Pages/home.aspx,Scrapper Not Available,,
34,CANADA - CACBSA - Canada Border Services Agency,https://www.cbsa-asfc.gc.ca/do-rb/provinces/bc-eng.html,Webpage,Data,Local,https://www.cbsa-asfc.gc.ca/contact/menu-eng.html,Scrapper Not Available,Amir saleem,Done
35,CANADA - CACCB - Canada Competition Bureau,https://www.canadianlawlist.com/listingdetail/company/competition-bureau-canada-719595/,,,Local,http://www.competitionbureau.gc.ca/eic/site/cb-bc.nsf/eng/home,Scrapper Not Available,,
36,CANADA - CAEC - Environment Canada,https://www.canada.ca/en/environment-climate-change/services/canadian-environmental-protection-act-registry/substances-list.html,Webpage,Data,Local,https://weather.gc.ca/city/pages/on-143_metric_e.html,Scrapper Not Available,,
37,CANADA - CAFIC - Financial Institutions Commission of British Columbia,https://www.bchousing.org/licensing-consumer-services/builder-licensing/home-warranty-insurance-providers,Webpage,Data,Local,https://www.fic.gov.bc.ca,Scrapper Not Available,,
38,CANADA - CAMFDA - Mutual Fund Dealers Association of Canada,https://www.bloomberg.com/research/stocks/private/snapshot.asp?privcapId=22687381,Webpage,Data,Local,http://mfda.ca,Scrapper Not Available,,
39,CANADA - CAMSC - Manitoba Securities Commission,www.mbsecurities.ca/issuers/reporting-issuer-list.html,PDF,Data,Local,https://cto-iov.csa-acvm.ca/SearchArticles.asp?Instance=101&Form=1&Attr7=1&Attr3=1&am,Scrapper Not Available,Huzaifa,Done
41,CANADA - CANADIAN SECURITIES ADMINISTRATORS - ALERTS - CSA-ALERT,https://www.securities-administrators.ca/disciplinedpersons.aspx,Webpage,Data,Global,https://www.securities-administrators.ca/cease_trade.aspx?id=171,Scrapper Not Available,Amir saleem,Done
42,CANADA - CAN-AN - Advisory Notices.,https://travel.gc.ca/travelling/advisories,Webpage,Data,Local,https://www.securities-administrators.ca/aboutcsa.aspx?id=1348,Scrapper Not Available,,
43,CANADA - CANBSC - New Brunswick Securities Commission.,http://www.fcnb.ca/list-of-registrants.html,Webpage,Data,Local,http://www.nbsc-cvmnb.ca/nbsc/rules.jsp?id=7,Scrapper Not Available,,
46,CANADA - IIROC - Investment Industry Reg. Organisation of Canada,http://www.iiroc.ca/industry/Pages/Dealers-We-Regulate.aspx,Webpage,Data,Local,https://www.international.gc.ca/world-monde/international_relations-relations_internationales/sanctions/consolidated-consolide.aspx?lang=eng,Scrapper Not Available,,
47,CANADA - NSSC - Nova Scotia Securities Commission,https://nssc.novascotia.ca/corporate-finance/reporting-issuers | https://cto-iov.csa-acvm.ca/SearchArticles.asp?Instance=101&Form=1&Attr3=1&Attr1=1&Attr1=2&Attr1=3&Attr1=4&Attr1=5&AttrSet4=1,,,Local,https://www.international.gc.ca/world-monde/international_relations-relations_internationales/sanctions/consolidated-consolide.aspx?lang=eng,Scrapper Not Available,,
48,CANADA - OSFI - Bank Warning Notices,https://www.centralbankbahamas.com/legal_notices.php,PDF,Data,Local,https://www.international.gc.ca/world-monde/international_relations-relations_internationales/sanctions/consolidated-consolide.aspx?lang=eng,Scrapper Not Available,,
50,"CANADA - PRPS - Reg. Police Service, Peel.",https://www.peelpolice.ca/Modules/News/Search.aspx?feedId=5dd101f7-e47a-4cdb-98c1-2e2cd6b2d1f9&page=1,Webpage,Data,Local,https://www.international.gc.ca/world-monde/international_relations-relations_internationales/sanctions/consolidated-consolide.aspx?lang=eng,Scrapper Not Available,Muhammad Ilyas,Done
51,CANADA - RCMP,http://www.rcmp-grc.gc.ca/en/wanted?term_node_tid_depth=All&term_node_tid_depth_1=All&term_node_tid_depth_2=All,Webpage,Data,Local,https://www.international.gc.ca/world-monde/international_relations-relations_internationales/sanctions/consolidated-consolide.aspx?lang=eng,Scrapper Not Available,Muhammad Ilyas,
52,CANADA - SECBC - British Columbia Securities Comm.,https://www.bcsc.bc.ca/About_Issuers/Reporting_Issuers_List/,Webpage,Data,Local,https://www.international.gc.ca/world-monde/international_relations-relations_internationales/sanctions/consolidated-consolide.aspx?lang=eng,Scrapper Not Available,Amir saleem,Done
53,"CANADA - REG. POLICE SERVICE, YORK - YRPS",http://www.criminaljustice.ny.gov/missing/index.htm#/missing-alert,Webpage,Data,Local,https://www.international.gc.ca/world-monde/international_relations-relations_internationales/sanctions/consolidated-consolide.aspx?lang=eng,Scrapper Available,,
54,CAYMAN ISLANDS - MONETARY AUTH. - CIMA,https://www.cima.ky/search-entities,Webpage,Data,Local,https://www.cima.ky,Scrapper Not Available,,
55,CHILE - CLSBIF - Chilean Superintendency of Banks and Financial Institiutions,https://www.bnamericas.com/en/company-profile,Webpage,Data,Local,https://www.bnamericas.com/company-profile/en/superintendencia-de-bancos-e-instituciones-financieras-chile-sbif-superintendencia-de-bancos-e-instituciones-financieras-chile-sbif,Scrapper Not Available,Shahzaib,
58,CHINA - CSRC - China Securities Regulatory Commission.,http://www.csrc.gov.cn/pub/csrc_en/newsfacts/release/201402/t20140228_244512.html | http://www.csrc.gov.cn/pub/csrc_en/participants/FundsRelatedList/FCB/ | http://www.csrc.gov.cn/pub/csrc_en/newsfacts/release/201402/t20140228_244517.html | http://www.csrc.gov.cn/pub/csrc_en/about/organ | http://www.csrc.gov.cn/pub/csrc_en/OpeningUp/RelatedLists//Regionaloffices/200811/t20081122_95852.html,Proxy IP required  of China,,Local,https://uk.practicallaw.thomsonreuters.com/3-524-1535?transitionType=Default&contextData=(sc.Default)&firstPage=true&comp=pluk&bhcp=1,Scrapper Not Available,,
62,CHINA - CNCCDI-WANTED - Central Commission for Discipline Inspection - Most Wanted,https://money.cnn.com/2015/04/23/news/china-most-wanted-economic-fugitives/index.html,,,Local,https://thediplomat.com/2018/05/whats-so-controversial-about-chinas-new-anti-corruption-body/,Scrapper Not Available,,
65,CHINA - CNSAT - China State Administration of Taxation,http://www.chinatax.gov.cn/2013/n2925/,,,Local,http://www.chinatax.gov.cn/2013/n2925/,Scrapper Not Available,,
66,CHINA - CNSPC - China Supreme People's Court,http://english.court.gov.cn,,,Local,http://english.court.gov.cn,Scrapper Not Available,,
67,CHINA - CNSPP - China Supreme People's Procuratorate,http://www.china.org.cn/english/features/state_structure/64414.htm,,,Local,http://www.china.org.cn/english/features/state_structure/64414.htm,Scrapper Not Available,,
68,CHINA - CNSSE - SHANGHAI STOCK EXCHANGE,http://english.sse.com.cn/listed/company/,,,Local,http://www.china.org.cn/english/features/state_structure/64414.htm,Scrapper Not Available,,
69,CHINA - CSRC-ALERT - China Securities Regulatory Commission - Alert,http://www.china.org.cn/english/features/state_structure/64414.htm,Refer CHINA - CSRC - China Securities Regulatory Commission.,,Local,http://www.china.org.cn/english/features/state_structure/64414.htm,Scrapper Not Available,,
70,CHINA - PBC - People's Bank of China - United Nations Sanctions.,http://www.apgml.org/members-and-observers/members/details.aspx?m=cb329e3b-4dab-46af-89b3-bee66576271b,,,Global,http://www.apgml.org/members-and-observers/members/details.aspx?m=cb329e3b-4dab-46af-89b3-bee66576271b,Scrapper Not Available,,
71,CHINA - PBC-ETIM - People's Bank of China - Eastern Turkistan Islamic Movement,https://www.un.org/sc/suborg/en/sanctions/1267/aq_sanctions_list/summaries/entity/eastern-turkistan-islamic-movement,,,Global,https://www.un.org/sc/suborg/en/sanctions/1267/aq_sanctions_list/summaries/entity/eastern-turkistan-islamic-movement,Scrapper Not Available,,
72,COLOMBIA - AMVC - Autorregulador del Mercador de Valores,https://www.amvcolombia.org.co,,,Local,https://www.amvcolombia.org.co,Scrapper Not Available,,
73,COLOMBIA - BVC - Bolsa De Valores De Colombia,https://www.bvc.com.co/pps/tibco/portalbvc/Home/Mercados/enlinea/acciones,,,Local,https://www.bvc.com.co/pps/tibco/portalbvc/Home/Mercados/enlinea/acciones,Scrapper Not Available,,
74,COLOMBIA - COANLA - National Authority of Environmental Licenses,https://www.investincolombia.com.co/publication/manual-of-environmental-licensing.html,,,Local,https://www.investincolombia.com.co/publication/manual-of-environmental-licensing.html,Scrapper Not Available,,
75,COLOMBIA - COCGR - Comptroller Generals Office of Colombia,http://www.exe.cl/en/contraloria-general-de-la-republica/,,,Local,http://www.exe.cl/en/contraloria-general-de-la-republica/,Scrapper Not Available,,
76,COLOMBIA - CODIAN - National Directorate of Taxes and Customs,https://uk.practicallaw.thomsonreuters.com/2-530-3166?transitionType=Default&contextData=(sc.Default)&firstPage=true&comp=pluk&bhcp=1,,,Local,https://uk.practicallaw.thomsonreuters.com/2-530-3166?transitionType=Default&contextData=(sc.Default)&firstPage=true&comp=pluk&bhcp=1,Scrapper Not Available,,
77,COLOMBIA - COPGO - Prosecutor Generals Office of Colombia,https://co.usembassy.gov/embassy/bogota/sections-offices/department-of-justice/,,,Local,https://co.usembassy.gov/embassy/bogota/sections-offices/department-of-justice/,Scrapper Not Available,,
78,COLOMBIA - COPOL - Colombian National Police,https://www.como.gov/police/crime-data/ | https://www.como.gov/police/missing/?doing_wp_cron=1545980094.0971620082855224609375,,,Local,https://en.wikipedia.org/wiki/National_Police_of_Colombia,Scrapper Not Available,,
79,COLOMBIA - COSFC - Financial Superintendence of Colombia,https://en.superfinanciera.gov.co/jsp/index.jsf,,,Local,https://en.superfinanciera.gov.co/jsp/index.jsf,Scrapper Not Available,,
80,COSTA RICA - CRSGV - General Superintendence of Securities of Costa Rica,https://www.centralamericadata.com/en/resources/companies?sort=ResourceCompanyprofile_name_k+asc&q1=country_en_le%3A%22Costa+Rica%22&start=10,,,Local,"https://www.centralamericadata.com/en/search?q1=content_en_le:""Insurance+Superintendency+%28Costa+Rica%29""&q2=mattersInCountry_es_le:""Costa+Rica""",Scrapper Not Available,,
81,CURACAO - BNA - Central Bank of Curacao and Sint Maarteen -Bank Warning Notices,https://www.centralbank.cw/warning-notices,,,Local,http://www.theprovince.com/travel/destinations/caribbean-and-the-atlantic/caribbean/curacao/traveloverview.html,Scrapper Not Available,,
82,CYPRUS - CSEC - Cyprus Securities & Exchange Commission.,https://www.cysec.gov.cy/en-GB/entities/investment-firms/cypriot/ | https://www.cysec.gov.cy/en-GB/entities/investment-firms/,,,Global,https://www.cysec.gov.cy/en-GB/home/,Scrapper Not Available,,
83,CZECH - CZUOHS - Czech Office for the Protection of Competition,https://www.cnb.cz/en/supervision_financial_market/,,,Global,https://www.cnb.cz/en/supervision_financial_market/,Scrapper Not Available,,
84,CZECH - SECURITIES COMM. - CSC,http://www.forex.pk/security-commissions.php,,,Global,https://www.cnb.cz/en/supervision_financial_market/,Scrapper Not Available,,
85,CZECH REPUBLIC - CZCNB - Czech National Bank,https://www.esma.europa.eu/supervision/credit-rating-agencies/risk,,,Local,https://www.cnb.cz/en/supervision_financial_market/,Scrapper Not Available,,
86,CZECH REPUBLIC - CZFAA-TERR - Czech Financial Analytical Authority,https://apl.cnb.cz/apljerrsdad/JERRS.WEB15.BASIC_LISTINGS_RESPONSE,,,Global,https://www.cnb.cz/en/supervision_financial_market/,Scrapper Not Available,,
87,CZECH REPUBLIC - CZPOL - Czech Police - Wanted,https://eumostwanted.eu/,,,Local,https://www.cnb.cz/en/supervision_financial_market/,Scrapper Not Available,,
88,EC-AIRPORT - Embargoed Country or Region - Airport,https://eur-lex.europa.eu/legal-content/GA/TXT/?uri=CELEX:32014R0269,,,Local,https://eur-lex.europa.eu/legal-content/GA/TXT/?uri=CELEX:32014R0269,Scrapper Not Available,,
89,EC-PRT - Embargoed Country or Region - Port,https://www.tarleton.edu/osp/documents/export-control/embargoed-sanctioned-countries.pdf,,,Local,https://eur-lex.europa.eu/legal-content/GA/TXT/?uri=CELEX:32014R0269,Scrapper Not Available,,
90,ECUADOR - ECSCVS - Superintendence of Companies Securities and Insurance,https://www.bce.fin.ec/en/,,,Global,https://www.bce.fin.ec/en/,Scrapper Not Available,,
91,ECUADOR - ECSRI - Ecuador Internal Revenue Service,http://www.sri.gob.ec/web/guest/empresas-inexistentes,,,Global,https://www.bce.fin.ec/en/,Scrapper Not Available,,
92,ECVES - Embargoed Country or Region Maritime Vessel,https://www.eckertseamans.com/stay-informed/blogs/aviation/concerns-re-exporting-aircraft-and-aircraft-parts-to-embargoed-countries,,,Local,https://www.bscn.nl/sanctions-consulting/sanctions-list-countries,Scrapper Not Available,,
93,EMBARGOED COUNTRY AIRCRAFT - ECAIR,http://www.rpi.edu/counsel/U.S.-Embargoed-Countries.pdf,,,Global,https://www.bscn.nl/sanctions-consulting/sanctions-list-countries,Scrapper Not Available,,
94,ESTONIA - EEFI - Estonian Financial Supervision Authority,https://www.fi.ee/et/hoiatusteated,,,Global,https://www.fi.ee/et?id=12264&year=2004,Scrapper Not Available,,
95,EU - EDES - EU Early Detection Exclusion System,http://ec.europa.eu/budget/edes/index_en.cfm,,,Global,http://ec.europa.eu/budget/explained/management/protecting/protect_en.cfm,Scrapper Not Available,,
96,EU - EU - European Union Sanctions.,https://eur-lex.europa.eu/legal-content/EN/TXT/?uri=LEGISSUM%3A0603_3,,,Global,https://ec.europa.eu/fpi/what-we-do/sanctions_en,Scrapper Not Available,,
97,"EU - EU-DRC - Asset Freeze D.R. Congo - 2005/440/CFSP, EC 889/2005.",https://www.gov.im/news/2018/oct/26/financial-sanctions-democratic-peoples-republic-of-korea-north-korea/,,,Global,https://eur-lex.europa.eu/legal-content/GA/TXT/?uri=CELEX:32014R0269,Scrapper Not Available,,
98,"EU - EU-EGY - Asset Freeze Egypt - 2011/172/CFSP, EU 270/2011",https://www.gov.uk/government/publications/financial-sanctions-consolidated-list-of-targets/consolidated-list-of-targets,,,Global,https://eur-lex.europa.eu/legal-content/GA/TXT/?uri=CELEX:32014R0269,Scrapper Not Available,,
99,EU - EUEMBARGO - Country or region Embargo.,https://www.gov.uk/government/publications/financial-sanctions-consolidated-list-of-targets/consolidated-list-of-targets,,,Global,https://eur-lex.europa.eu/legal-content/GA/TXT/?uri=CELEX:32014R0269,Scrapper Not Available,,
100,EU - EUFSR-RUS - European Union - Financial Services Restrictions Art 2 and 5 - EU 833/2014,https://www.gov.uk/government/publications/financial-sanctions-consolidated-list-of-targets/consolidated-list-of-targets,,,Global,https://eur-lex.europa.eu/legal-content/GA/TXT/?uri=CELEX:32014R0269,Scrapper Not Available,,
101,EU - EUFSR-SYR - European Union - Financial Services Restrictions Art 24/25 - EU 36/2012,https://www.gov.uk/government/publications/financial-sanctions-consolidated-list-of-targets/consolidated-list-of-targets,,,Global,https://eur-lex.europa.eu/legal-content/GA/TXT/?uri=CELEX:32014R0269,Scrapper Not Available,,
102,EU - EU-GNB - Asset Freeze and Travel Ban - Rep. of Guinea-Bissau - 2012/237/CFSP. EU 377/2012,https://www.gov.uk/government/publications/financial-sanctions-consolidated-list-of-targets/consolidated-list-of-targets,,,Global,https://eur-lex.europa.eu/legal-content/GA/TXT/?uri=CELEX:32014R0269,Scrapper Not Available,,
103,EU - EU-HRTC - High Risk Third Countries - Regulation (EU) 2016/1675,https://www.gov.uk/government/publications/financial-sanctions-consolidated-list-of-targets/consolidated-list-of-targets,,,Global,https://eur-lex.europa.eu/legal-content/EN/TXT/?uri=uriserv%3AOJ.L_.2016.254.01.0001.01.ENG,Scrapper Not Available,,
104,"EU - EU-IRN - Asset Freeze Iran - 2007/140/CFSP, EC 423/2007.",https://www.gov.uk/government/publications/financial-sanctions-consolidated-list-of-targets/consolidated-list-of-targets,,,Global,https://eur-lex.europa.eu/legal-content/en/TXT/?uri=celex%3A32012R0267,Scrapper Not Available,,
105,"EU - EU-IRQ - Asset Freeze Iraq - 2003/495 CFSP, EC 1210/2003.",https://www.gov.uk/government/publications/financial-sanctions-consolidated-list-of-targets/consolidated-list-of-targets,,,Global,https://eur-lex.europa.eu/legal-content/GA/TXT/?uri=CELEX:32014R0269,Scrapper Not Available,,
106,"EU - EU-LBY - Asset Freeze Libya - 2011/137/CFSP, EU 204/2011",https://www.gov.uk/government/publications/financial-sanctions-consolidated-list-of-targets/consolidated-list-of-targets,,,Global,https://eur-lex.europa.eu/legal-content/GA/TXT/?uri=CELEX:32014R0269,Scrapper Not Available,,
107,"EU - EU-MY - Fin. Restrictions Myanmar - 2004/423/CFSP, EC 817/2006.",https://www.gov.uk/government/publications/financial-sanctions-consolidated-list-of-targets/consolidated-list-of-targets,,,Global,https://eur-lex.europa.eu/legal-content/GA/TXT/?uri=CELEX:32014R0269,Scrapper Not Available,,
108,"EU - EUMY-LTM - Myanmar Logging, Timber & Mining Enterprises.",https://www.gov.uk/government/publications/financial-sanctions-consolidated-list-of-targets/consolidated-list-of-targets,,,Global,https://eur-lex.europa.eu/legal-content/GA/TXT/?uri=CELEX:32014R0269,Scrapper Not Available,,
109,EU - EUNCJ-TAX - EU Non Cooperative Jurisdictions -Tax,https://www.gov.uk/government/publications/financial-sanctions-consolidated-list-of-targets/consolidated-list-of-targets,,,Global,https://eur-lex.europa.eu/legal-content/en/TXT/?uri=CELEX:52002DC0778,Scrapper Not Available,,
110,"EU - EU-S - Asset Freeze Sudan - 2005/411/CFSP, EC 1184/2005.",https://www.gov.uk/government/publications/financial-sanctions-consolidated-list-of-targets/consolidated-list-of-targets,,,Global,https://eur-lex.europa.eu/legal-content/GA/TXT/?uri=CELEX:32014R0269,Scrapper Not Available,,
111,"EU - EU-SOM - Asset Freeze Somalia - 2009/138/CFSP, EU 356/2010",https://www.gov.uk/government/publications/financial-sanctions-consolidated-list-of-targets/consolidated-list-of-targets,,,Global,https://eur-lex.europa.eu/legal-content/GA/TXT/?uri=CELEX:32014R0269,Scrapper Not Available,,
112,EU - EU-SS - Asset Freeze South Sudan - South Sudan,https://www.gov.uk/government/publications/financial-sanctions-consolidated-list-of-targets/consolidated-list-of-targets,,,Global,https://eur-lex.europa.eu/legal-content/GA/TXT/?uri=CELEX:32014R0269,Scrapper Not Available,,
113,"EU - EU-SYR - Asset Freeze and Travel Ban Syria - 2011/273/CFSP, EU 442/2011, EU 36/2012",https://www.gov.uk/government/publications/financial-sanctions-consolidated-list-of-targets/consolidated-list-of-targets,,,Global,https://eur-lex.europa.eu/legal-content/GA/TXT/?uri=CELEX:32014R0269,Scrapper Not Available,,
114,EU - EU-TA - Asset Freeze and Travel Ban - Taliban - 2011/486/CFSP. EU 753/2011,https://www.gov.uk/government/publications/financial-sanctions-consolidated-list-of-targets/consolidated-list-of-targets,,,Global,https://eur-lex.europa.eu/legal-content/GA/TXT/?uri=CELEX:32014R0269,Scrapper Not Available,,
115,"EU - EU-TAF - Terror Asset Freeze - 2001/931/CFSP, EC 2580/2001.",https://www.gov.uk/government/publications/financial-sanctions-consolidated-list-of-targets/consolidated-list-of-targets,,,Global,https://eur-lex.europa.eu/legal-content/GA/TXT/?uri=CELEX:32014R0269,Scrapper Not Available,,
116,EU - EUTB - Travel Ban,https://www.gov.uk/government/publications/financial-sanctions-consolidated-list-of-targets/consolidated-list-of-targets,,,Global,https://eur-lex.europa.eu/legal-content/GA/TXT/?uri=CELEX:32014R0269,Scrapper Not Available,,
117,"EU - EUTB-BLR - Travel Ban Belarus - 2006/276/CFSP, EC 765/ 2006.",https://www.gov.uk/government/publications/financial-sanctions-consolidated-list-of-targets/consolidated-list-of-targets,,,Global,https://eur-lex.europa.eu/legal-content/GA/TXT/?uri=CELEX:32014R0269,Scrapper Not Available,,
118,EU - EUTB-FYROM - Travel Ban FYROM - 2004/133/CFSP.,https://www.gov.uk/government/publications/financial-sanctions-consolidated-list-of-targets/consolidated-list-of-targets,,,Global,https://eur-lex.europa.eu/legal-content/GA/TXT/?uri=CELEX:32014R0269,Scrapper Not Available,,
119,EU - EUTB-GN - Travel Ban Republic of Guinea - 2009/788/CFSP,https://www.gov.uk/government/publications/financial-sanctions-consolidated-list-of-targets/consolidated-list-of-targets,,,Global,https://eur-lex.europa.eu/legal-content/GA/TXT/?uri=CELEX:32014R0269,Scrapper Not Available,,
120,EU - EUTB-ICTY - Travel Ban ICTY 2004/293/CFSP.,https://www.gov.uk/government/publications/financial-sanctions-consolidated-list-of-targets/consolidated-list-of-targets,,,Global,https://eur-lex.europa.eu/legal-content/GA/TXT/?uri=CELEX:32014R0269,Scrapper Not Available,,
121,EU - EUTB-LBY - Libya - 2011/137/CFSP,https://www.gov.uk/government/publications/financial-sanctions-consolidated-list-of-targets/consolidated-list-of-targets,,,Global,https://eur-lex.europa.eu/legal-content/GA/TXT/?uri=CELEX:32014R0269,Scrapper Not Available,,
122,EU - EUTB-MD - Travel Ban Moldova - 2004/179/CFSP.,https://www.gov.uk/government/publications/financial-sanctions-consolidated-list-of-targets/consolidated-list-of-targets,,,Global,https://eur-lex.europa.eu/legal-content/GA/TXT/?uri=CELEX:32014R0269,Scrapper Not Available,,
123,"EU - EUTB-MY - Travel Ban Myanmar - 2004/423/CFSP, EC 817/2006.",https://www.gov.uk/government/publications/financial-sanctions-consolidated-list-of-targets/consolidated-list-of-targets,,,Global,https://eur-lex.europa.eu/legal-content/GA/TXT/?uri=CELEX:32014R0269,Scrapper Not Available,,
124,"EU - EUTB-ZIM - Travel Ban Zimbabwe - 2002/145/CFSP, EC 314/2004.",https://www.gov.uk/government/publications/financial-sanctions-consolidated-list-of-targets/consolidated-list-of-targets,,,Global,https://eur-lex.europa.eu/legal-content/GA/TXT/?uri=CELEX:32014R0269,Scrapper Not Available,,
125,EU - EU-TCO - Terror Co-operation -2001/931/CFSP -,https://www.gov.uk/government/publications/financial-sanctions-consolidated-list-of-targets/consolidated-list-of-targets,,,Global,https://eur-lex.europa.eu/legal-content/GA/TXT/?uri=CELEX:32014R0269,Scrapper Not Available,,
126,"EU - EU-UKR - Asset Freeze - Ukraine - 2014/119/CFSP, 208/2014",https://www.gov.uk/government/publications/financial-sanctions-consolidated-list-of-targets/consolidated-list-of-targets,,,Global,https://eur-lex.europa.eu/legal-content/GA/TXT/?uri=CELEX:32014R0269,Scrapper Not Available,,
127,"EU - EU-UKR2 - Asset Freeze and Travel Ban - Ukraine - 2014/145/CFSP, EU 269/2014",https://www.gov.uk/government/publications/financial-sanctions-consolidated-list-of-targets/consolidated-list-of-targets,,,Global,https://eur-lex.europa.eu/legal-content/GA/TXT/?uri=CELEX:32014R0269,Scrapper Not Available,,
128,"EU - EU-VE - Asset freeze Venezuela - CFSP 2017/2074, EC 2017/2063",https://www.gov.uk/government/publications/financial-sanctions-consolidated-list-of-targets/consolidated-list-of-targets,,,Global,https://eur-lex.europa.eu/legal-content/EN/TXT/PDF/?uri=CELEX:32017R2063&from=HR,Scrapper Not Available,,
129,"EU - EU-YEM -Yemen - Asset Freeze and Travel Ban 2014/932/CFSP, 1352/2014",https://www.un.org/securitycouncil/sanctions/2140,,,Global,https://www.consilium.europa.eu/en/press/press-releases/2017/01/27/sanctions-tunisia/#,Scrapper Not Available,,
130,"EU - EU-ZIM - Asset Freeze Zimbabwe - 2002/145/CFSP, EC 314/2004.",https://www.gov.uk/government/publications/financial-sanctions-consolidated-list-of-targets/consolidated-list-of-targets,,,Global,https://www.consilium.europa.eu/en/press/press-releases/2017/01/27/sanctions-tunisia/#,Scrapper Not Available,,
131,"EU- EU-GN - Asset Freeze - Republic of Guinea - 2009/788/CFSP, EU1284/2009",https://www.gov.uk/government/publications/financial-sanctions-consolidated-list-of-targets/consolidated-list-of-targets,,,Global,https://www.consilium.europa.eu/en/press/press-releases/2017/01/27/sanctions-tunisia/#,Scrapper Not Available,,
132,EU -EU-TUN - Asset Freeze Tunisia -2011/72/CFSP,https://www.gov.uk/government/publications/financial-sanctions-consolidated-list-of-targets/consolidated-list-of-targets,,,Global,https://www.gov.uk/government/publications/financial-sanctions-tunisia,Scrapper Not Available,,
133,FINLAND - FINBI - Finnish National Bureau of Investigation,https://www.poliisi.fi/services/private_security_sector/list_of_private_security_companies |,Private Companies list found,,Local,https://www.poliisi.fi/en/national_bureau_of_investigation,Scrapper Not Available,,
134,GERMANY - BAFIN,https://www.bafin.de/SharedDocs/Standardartikel/EN/Unternehmensdatenbank/li_fidi_zugel_gesamt_en.html?nn=7856472 | https://www.bafin.de/SharedDocs/Standardartikel/EN/Unternehmensdatenbank/li_fidi_leas_fac_en.html?nn=7856472https://www.bafin.de/SharedDocs/Standardartikel/EN/Unternehmensdatenbank/li_fidi_zugel_gesamt_en.html?nn=7856472,Company list founded,,Local,https://www.bafin.de/EN/Homepage/homepage_node.html,Scrapper Not Available,,
135,HONG KONG - HKEX - Hong Kong Stock Exchange,http://www3.hkexnews.hk/listedco/listconews/mainindex/SEHK_LISTEDCO_DATETIME_TODAY.HTM,,,Global,https://www.hkex.com.hk/Services/Trading-hours-and-Severe-Weather-Arrangements/Trading-Hours/Securities-Market?sc_lang=en,Scrapper Not Available,,
136,HONG KONG - HKFSC-ALERT - H K Sec. and Futures Comm.- Investor Alert.,https://www.sfc.hk/web/EN/alert-list/,,,Local,https://www.sfc.hk/web/EN/alert-list/,Scrapper Not Available,,
137,HONG KONG - HKMA- Hong Kong Monetary Authority.,https://www.search.gov.hk/result?a_submit=false&ui_lang=en&ui_charset=utf-8&tpl_id=hkma_r2&web=this&gp0=hkma_r2_home&gp1=hkma_r2_home&fromindex=1&txtonly=0&is_init=true&query=List&x=0&y=0,,,Local,https://www.hkma.gov.hk/eng/index.shtml,Scrapper Not Available,,
138,HONG KONG - IND. COMM. AGAINST CORRUPTION - ICACHK,https://www.icac.org.hk/en/about/aodp/index.html,,,Local,https://www.hkma.gov.hk/eng/index.shtml,Scrapper Not Available,,
139,INDIA - CENTRAL BUREAU OF INVESTIGATION - CBII,http://cbi.gov.in/wanted/wanted.php,,,Local,https://www.ndtv.com/topic/central-bureau-of-investigation-cbi-,Scrapper Not Available,,
140,INDIA - IMHA-BTO - India Ministry of Home Affairs - Banned Terrorist Organisations.,http://www.nia.gov.in/banned-terrorist-organisations.htm,,,Global,https://www.ndtv.com/topic/central-bureau-of-investigation-cbi-,Scrapper Not Available,,
141,INDIA - INDIAN NATIONAL INVESTIGATION AGENCY - INNIA,http://www.nia.gov.in/banned-terrorist-organisations.htm,,,Global,https://www.ndtv.com/topic/central-bureau-of-investigation-cbi-,Scrapper Not Available,,
142,INDIA - INIRDAI - Insurance Regulatory and Development Authority of India,http://www.nia.gov.in/most-wanted.htm,,,Global,https://www.ndtv.com/topic/central-bureau-of-investigation-cbi-,Scrapper Not Available,,
143,INDIA - INMCA-DD - India Ministry of Corporate Affairs - Disqualified Directors (Section 274),http://www.mca.gov.in/MinistryV2/disqualifieddirectorslist.html,,,Global,https://www.ndtv.com/topic/central-bureau-of-investigation-cbi-,Scrapper Not Available,,
144,INDIA - INMCA-DD2 - India Ministry of Corporate Affairs - Disqualified Directors (Section 164),http://www.mca.gov.in/MinistryV2/disqualifieddirectorslist.html,,,Global,https://www.ndtv.com/topic/central-bureau-of-investigation-cbi-,Scrapper Not Available,,
145,INDIA - INMCA-MLM - India Ministry of Corporate Affairs - Multi-Level Marketing,http://www.mca.gov.in/MinistryV2/underalert.html,,,Local,https://www.ndtv.com/topic/central-bureau-of-investigation-cbi-,Scrapper Not Available,,
146,INDIA - INMCA-SC - India Ministry of Corporate Affairs - Struck off Companies (Section 248),http://www.mca.gov.in/mcafoportal/checkLLPName.do,,,Local,https://www.ndtv.com/topic/central-bureau-of-investigation-cbi-,Scrapper Not Available,,
147,INDIA - INMCAVC - India Ministry Of Corporate Affairs - Vanishing Companies,http://www.mca.gov.in/MinistryV2/vanish_companies.html,,,Local,https://www.ndtv.com/topic/central-bureau-of-investigation-cbi-,Scrapper Not Available,,
148,INDIA - INNCB - India Narcotics Control Bureau,https://mha.gov.in/commoncontent/list-ncb-contact-points,,,Local,https://www.ndtv.com/topic/central-bureau-of-investigation-cbi-,Scrapper Not Available,,
149,INDIA - INTDL - India Tax Defaulters List,https://www.incometaxindia.gov.in/Pages/tax-defaulters.aspx,,,Local,https://www.ndtv.com/topic/central-bureau-of-investigation-cbi-,Scrapper Not Available,,
150,INDIA - INWCCB - India Wildlife Crime Control Bureau,http://wccb.gov.in/Content/Convicts.aspx,,,Local,https://www.ndtv.com/topic/central-bureau-of-investigation-cbi-,Scrapper Not Available,,
151,INDIA - RESERVE BANK OF INDIA - RBI,https://rbi.org.in/scripts/BS_ViewMasCirculardetails.aspx?id=9848,,,Local,https://www.rbi.org.in,Scrapper Not Available,,
152,INDIA - RESERVE BANK OF INDIA - SANCTIONS NOTICES - RBI-SANC,https://rbi.org.in/Scripts/OccasionalPublications.aspx?head=Reserve%20Bank%20of%20India%20Act,,,Global,https://www.rbi.org.in,Scrapper Not Available,,
153,INDIA - RESERVE BANK OF INDIA VANISHING NON-BANKING FINANCIAL COMPANIES - RBI-NBFC,https://m.rbi.org.in/Scripts/BS_NBFCList.aspx,,,Global,https://www.rbi.org.in,Scrapper Not Available,,
154,INDIA - SECURITIES & EXCHANGE BOARD - SEBI,https://www.bseindia.com/investors/debent.aspx?expandable=4,,,Global,https://www.sebi.gov.in,Scrapper Not Available,,
155,INTERNATIONAL - AZL-WC - Azerbaijani Laundromat - World-Check Data,https://www.refinitiv.com/en/products/world-check-kyc-screening,,,Global,https://www.theguardian.com/world/2017/sep/04/everything-you-need-to-know-about-the-azerbaijani-laundromat,Scrapper Not Available,,
156,INTERNATIONAL - DPRK-WC - North Korea - Relevant World-Check Data,https://www.refinitiv.com/en/products/world-check-kyc-screening,,,Global,https://www.reuters.com/north-korea,Scrapper Not Available,,
157,INTERNATIONAL - FIRSE-WC - Former Iran Sanctioned Entity World Check Data,https://www.refinitiv.com/en/products/world-check-kyc-screening,,,Global,https://www.treasury.gov/resource-center/faqs/Sanctions/Pages/faq_iran.aspx/t_blank,Scrapper Not Available,,
158,INTERNATIONAL - INSAE-50-WC - Entity owned 50% or more by a sanctioned individual/entity,https://www.refinitiv.com/en/products/world-check-kyc-screening,,,Global,https://www.treasury.gov/resource-center/faqs/Sanctions/Pages/faq_general.aspx,Scrapper Not Available,,
159,INTERNATIONAL - ISIS-WC - Islamic State - Relevant World-Check Data,https://www.refinitiv.com/en/products/world-check-kyc-screening,,,Global,https://www.independent.co.uk/news/world/middle-east/iraq-crisis-exclusive-isis-jihadists-using-world-cup-and-premier-league-hashtags-to-promote-9555167.html,Scrapper Not Available,,
160,INTERNATIONAL - PAICIJ-WC - International Consortium of Investigative Journalists - World-Check Data,https://www.refinitiv.com/en/products/world-check-kyc-screening,,,Global,https://www.icij.org,Scrapper Not Available,,
161,INTERNATIONAL - PPICIJ-WC - International Consortium Of Investigative Journalist Paradise Papers - World-Check Data,https://www.refinitiv.com/en/products/world-check-kyc-screening,,,Global,https://offshoreleaks.icij.org,Scrapper Not Available,,
162,INTERNATIONAL - RSSRE-50-WC - Subsidiary owned 50% or more by a Russian Sectoral Sanctioned company.,https://www.refinitiv.com/en/products/world-check-kyc-screening,,,Global,https://www.icij.org,Scrapper Not Available,,
163,INTERNATIONAL - RSSRE-DIR4-WC - Subsidiary owned by a Russian Sectoral Sanctioned company subject to Directive 4,https://www.refinitiv.com/en/products/world-check-kyc-screening,,,Global,https://www.icij.org,Scrapper Not Available,,
164,ISLE OF MAN - FIN. SUPERVISION COMM. - IOMFSC,https://paymentscompliance.com/authority/financial-supervision-commission-isle-man,,,Global,https://www.iomfsa.im,Scrapper Not Available,,
165,ISLE OF MAN - FIN. SUPERVISION COMM. - DISSOLVED COs - IOMFSC-D,https://paymentscompliance.com/authority/financial-supervision-commission-isle-man,,,Global,https://www.iomfsa.im,Scrapper Not Available,,
166,ISRAEL - ANTITRUST AUTHORITY - IAA,http://www.antitrust.gov.il/eng/subject/177.aspx,,,Global,http://www.antitrust.gov.il/eng/,Scrapper Not Available,,
167,ISRAEL - ILITA - Israel Tax Authority,http://www.antitrust.gov.il/eng/,,,Local,http://www.antitrust.gov.il/eng/,Scrapper Not Available,,
168,ISRAEL - ILITA-C - Israel Tax Authority - Customs,https://anglo-list.com/israel-tax-authority-jerusalem,,,Local,http://www.antitrust.gov.il/eng/,Scrapper Not Available,,
169,ISRAEL - ISRAEL MINISTRY OF DEFENCE - TERRORISM LIST - IMOD,http://www.mod.gov.il/Defence-and-Security/Fighting_terrorism/Pages/default.aspx,,,Local,http://www.antitrust.gov.il/eng/,Scrapper Not Available,,
170,ISRAEL - ISRAEL MINISTRY OF FINANCE - IMOF,http://www.antitrust.gov.il/eng/,,,Local,http://www.antitrust.gov.il/eng/,Scrapper Not Available,,
171,ISRAEL - ISRAEL MINISTRY OF JUSTICE - GAMBLING LIST - IMOJ-GL,http://www.antitrust.gov.il/eng/,,,Local,http://www.antitrust.gov.il/eng/,Scrapper Not Available,,
172,ITALY - AGCM - Autorita Garante Della Concorrenza E Del Mercato,http://www.agcm.it,,,Local,http://www.agcm.it,Scrapper Not Available,,
173,ITALY - CONSOB - National Comm. Borsa,http://www.agcm.it,,,Global,http://www.agcm.it,Scrapper Not Available,,
174,ITALY - ITBDI - Central Bank of Italy,https://tradecommissioner.gc.ca/italy-italie/visit-info-visiteur/6842.aspx?lang=eng,,,Local,http://www.agcm.it,Scrapper Not Available,,
175,JAMAICA - FINANCIAL SERVICES COMMISSION - JMFSC,http://www.fscjamaica.org,,,Local,http://www.fscjamaica.org,Scrapper Not Available,,
176,JAPAN - JAPAN ANTI SOCIAL FORCES - JP-ASF,https://www.marsh.com/jp/en/anti-social-forces.html,,,Local,https://www.marsh.com/jp/en/anti-social-forces.html,Scrapper Not Available,,
177,JAPAN - JAPAN FINANCIAL SERVICES AGENCY - JFSA,https://www.fsa.go.jp/en/,,,Local,https://www.fsa.go.jp/en/,Scrapper Not Available,,
178,JAPAN - JAPOL - Japanese Police Wanted Lists,https://shouwashi.com/ziken.html,,,Local,https://www.interpol.int/Member-countries/Asia-South-Pacific/Japan,Scrapper Not Available,,
179,JAPAN - JMOF - Ministry of Finance - International Sanctions.,https://www.mof.go.jp/english/,,,Local,https://www.mof.go.jp/english/,Scrapper Not Available,,
180,JAPAN - JPSIA - Public Security Intelligence Agency,https://www.mof.go.jp/english/,,,Local,https://www.mof.go.jp/english/,Scrapper Not Available,,
181,"JAPAN - MINISTRY OF ECONOMY, TRADE & INDUSTRY - JMETI-WMD",https://www.mof.go.jp/english/,,,Global,https://www.mof.go.jp/english/,Scrapper Not Available,,
182,JAPAN - NATIONAL POLICE AGENCY - DESIGNATED BORYOKUDAN - JNPA-DB,https://www.mof.go.jp/english/,,,Local,https://www.mof.go.jp/english/,Scrapper Not Available,,
183,KAZAKHSTAN - KZAFN - National Bank Financial Market and Organization Control and Supervision.,https://nationalbank.kz/?docid=3257&switch=english,,,Global,https://nationalbank.kz/?docid=3257&switch=english,Scrapper Not Available,,
184,KAZAKHSTAN - KZFINPOL - Kazakhstan Financial Police,https://nationalbank.kz/?docid=3257&switch=english,,,Local,https://nationalbank.kz/?docid=3257&switch=english,Scrapper Not Available,,
185,KAZAKHSTAN - KZKFM - Kazakhstan Financial Monitoring Committee,https://nationalbank.kz/?docid=3257&switch=english,,,Global,https://nationalbank.kz/?docid=3257&switch=english,Scrapper Not Available,,
186,KAZAKHSTAN - KZKGD - State Revenue Committee of The Ministry of Finance,https://nationalbank.kz/?docid=3257&switch=english,,,Global,https://nationalbank.kz/?docid=3257&switch=english,Scrapper Not Available,,
187,KENYA - KEODPP - Kenyan Director of Public Prosecutions,https://informationcradle.com/kenya/director-of-public-prosecutions-in-kenya/,,,Global,http://www.eacc.go.ke,Scrapper Not Available,,
188,NEW ZEALAND - MIN. OF CONSUMER AFFAIRS - NZMCA,https://dpmc.govt.nz/cabinet/portfolios/commerce-and-consumer-affairs,,,Local,https://www.consumerprotection.govt.nz,Scrapper Available,,
189,NEW ZEALAND - NEW ZEALAND COMMERCE COMMMISSION - NZCOMC,https://dpmc.govt.nz/cabinet/portfolios/commerce-and-consumer-affairs,,,Global,https://comcom.govt.nz,Scrapper Available,,
190,NEW ZEALAND - NZPOL - Police Designated Terrorists.,http://www.police.govt.nz/about-us/publication/designated-terrorist-entities,,,Local,https://www.mfat.govt.nz/en/peace-rights-and-security/sanctions/,Scrapper Available,,
191,"KOREA, SOUTH - KOREA FAIR TRADE COMMISSION - KRFTC",https://egmontgroup.org/en/content/korea-korea-financial-intelligence-unit,,,Global,https://egmontgroup.org/en/content/korea-korea-financial-intelligence-unit,Scrapper Not Available,,
192,"KOREA, SOUTH - KRFSS - Korea Financial Supervisory Service",https://egmontgroup.org/en/content/korea-korea-financial-intelligence-unit,,,Global,https://egmontgroup.org/en/content/korea-korea-financial-intelligence-unit,Scrapper Not Available,,
193,"KOREA, SOUTH - KRMSF - Ministry of Strategy and Finance - Sanctions",https://egmontgroup.org/en/content/korea-korea-financial-intelligence-unit,,,Global,https://egmontgroup.org/en/content/korea-korea-financial-intelligence-unit,Scrapper Not Available,,
194,KYRGYZSTAN - KGFINPOL - Kyrgyzstan Financial Police,https://egmontgroup.org/en/content/kyrgyzstan-state-financial-intelligence-service-under-government-kyrgyz-republic,,,Local,https://egmontgroup.org/en/content/kyrgyzstan-state-financial-intelligence-service-under-government-kyrgyz-republic,Scrapper Not Available,,
195,KYRGYZSTAN - KGFIU - Kyrgyzstan Financial Intelligence Service,https://egmontgroup.org/en/content/kyrgyzstan-state-financial-intelligence-service-under-government-kyrgyz-republic,,,Local,https://egmontgroup.org/en/content/kyrgyzstan-state-financial-intelligence-service-under-government-kyrgyz-republic,Scrapper Not Available,,
196,LATVIA - FINANCIAL AND CAPITAL MARKET COMMISSION - LVFCMC,http://www.fktk.lv/en/,,,Local,http://www.fktk.lv/en/,Scrapper Not Available,,
197,LATVIA - LVCC - Competition Council of Latvia,http://www.fktk.lv/en/,,,Local,http://www.fktk.lv/en/,Scrapper Not Available,,
198,LIECHTENSTEIN - LGB - Landesgesetzblatt.,https://www.gesetze.li/chrono/neueste-lgbl,,,Local,https://www.gesetze.li/chrono/neueste-lgbl,Scrapper Not Available,,
199,LITHUANIA - CENTRAL BANK OF LITHUANIA - WARNING NOTICES - LTLCB,https://www.bis.org/review/r180917a.htm,,,Local,https://www.lb.lt/en/news/bank-of-lithuania-warning-beware-risky-investments,Scrapper Not Available,,
200,LITHUANIA - COMPETITION COUNCIL OF LITHUANIA - LTCC,https://www.lb.lt/en/news/bank-of-lithuania-warning-beware-risky-investments,,,Local,https://www.lb.lt/en/news/bank-of-lithuania-warning-beware-risky-investments,Scrapper Not Available,,
201,LUXEMBOURG - CSSF - Comm. De Surv. Du Secteur Financier.,http://www.cssf.lu/en/,,,Local,http://www.cssf.lu/en/,Scrapper Not Available,,
202,LUXEMBOURG - CSSFW - Commission De Surveillance Du Secteur Financier - Warning Notices,http://www.cssf.lu/en/,,,Local,http://www.cssf.lu/en/,Scrapper Not Available,,
203,MALAYSIA - BNM - Bank Negara Malaysia,http://www.bnm.gov.my/index.php?lang=en&ch=en_financialconsumeralert,,,Local,http://www.bnm.gov.my,Scrapper Not Available,,
204,MALAYSIA - BNM-SANC - Bank Negara Malaysia Sanctions Order,http://amlcft.bnm.gov.my/AMLCFT04c.html,,,Global,http://amlcft.bnm.gov.my/AMLCFT04c.html,Scrapper Not Available,,
205,MALAYSIA - MSC - Securities Commission,http://recognizeinvestmentfraud.com/alerts-cautions,,,Local,https://www.sc.com.my,Scrapper Not Available,,
206,MALAYSIA - MYAGC-SANC - Malaysian Attorney Generals Chambers Sanctions Order,http://www.agc.gov.my/agcportal/index.php?r=portal2/lom&menu_id=b21XYmExVUhFOE4wempZdE1vNUVKdz09,,,Local,http://www.agc.gov.my/agcportal/index.php?r=portal2/lom&menu_id=b21XYmExVUhFOE4wempZdE1vNUVKdz09,Scrapper Not Available,,
207,MALAYSIA - MYBURSA - Bursa Malaysia Berhad,http://www.bursamalaysia.com/market/listed-companies/list-of-companies/main-market/,,,Local,http://www.bursamalaysia.com/market/,Scrapper Not Available,,
208,MALAYSIA - MYMACC,https://www.benarnews.org/english/news/malaysian/macc-report-12312015140938.html,,,Local,https://www.benarnews.org/english/news/malaysian/macc-report-12312015140938.html,Scrapper Not Available,,
209,MALAYSIA - MYRMP - Royal Malaysian Police Wanted,https://mahaguru58.blogspot.com/2010/12/top-10-malaysias-most-wanted-royal.html,,,Local,https://www.interpol.int/Member-countries/Asia-South-Pacific/Malaysia,Scrapper Not Available,,
210,MALAYSIA - MYSSM - Companies Commission of Malaysia,http://www.ssm.com.my/Pages/Home.aspx,,,Local,http://www.ssm.com.my/Pages/Home.aspx,Scrapper Not Available,,
211,MALTA - MALTA FINANCIAL INTELLIGENCE ANALYSIS UNIT - MLFIA,https://egmontgroup.org/en/content/money-laundering-and-financing-terrorism,,,Local,http://www.fiumalta.org,Scrapper Not Available,,
212,MALTA - MFSA - Financial Services Authority,http://www.fiumalta.org,,,Local,http://www.fiumalta.org,Scrapper Not Available,,
213,MALTA - MFSANC - Sanctions List.,https://www.mfsa.com.mt/pages/viewcontent.aspx?id=105,,,Local,https://www.mfsa.com.mt/pages/viewcontent.aspx?id=105,Scrapper Not Available,,
214,MALTA - MLMGA - Malta Gaming Authority,https://www.mga.org.mt,,,Local,https://www.mga.org.mt,Scrapper Not Available,,
215,MAURITIUS - MUFSC - Mauritius Financial Services Commission,https://www.fscmauritius.org/en,,,Local,https://www.fscmauritius.org/en,Scrapper Not Available,,
216,MAURITIUS - MUICAC - Mauritius Independent Commission Against Corruption,https://www.transparencymauritius.org/wp-content/uploads/2012/11/BHADAIN-S.-v.-THE-INDEPENDENT-COMMISSION-AGAINST-CORRUPTION.pdf,,,Local,https://www.icac.mu,Scrapper Not Available,,
217,MEXICO - BANXICO - Central Bank of Mexico,http://www.banxico.org.mx/indexEn.html,,,Local,http://www.banxico.org.mx/indexEn.html,Scrapper Not Available,,
218,MEXICO - CNBV - Mexican National Banking Securities Commission,https://globaledge.msu.edu/global-resources/resource/10699,,,Global,https://globaledge.msu.edu/global-resources/resource/10699,Scrapper Not Available,,
219,MEXICO - CONDUSEF - Comision Nacional Para La Proteccion Y Defensa De Los Usuarios De Servcios Financieros,https://www.gob.mx/condusef,,,Local,https://www.gob.mx/condusef,Scrapper Not Available,,
220,MEXICO - MEXICAN PUBLIC FUNCTION SECRETARIAT- MXSFP,https://www.proz.com/kudoz/spanish-to-english/government-politics/3487132-secretaria-de-funcion-publica.html,,,Local,https://www.proz.com/kudoz/spanish-to-english/government-politics/3487132-secretaria-de-funcion-publica.html,Scrapper Not Available,,
221,MEXICO - MXCNSF - Mexican Insurance and Surety National Commission,https://uk.practicallaw.thomsonreuters.com/2-501-3652?transitionType=Default&contextData=(sc.Default),,,Local,https://uk.practicallaw.thomsonreuters.com/2-501-3652?transitionType=Default&contextData=(sc.Default),Scrapper Not Available,,
222,MEXICO - MXPGR - Mexican Prosecutors General Offices,https://www.wola.org/2018/04/wola-report-establishing-a-new-independent-national-prosecutors-office-is-crucial-to-mexicos-fight-against-corruption-and-impunity/,,,Local,https://www.wola.org/2018/04/wola-report-establishing-a-new-independent-national-prosecutors-office-is-crucial-to-mexicos-fight-against-corruption-and-impunity/,Scrapper Not Available,,
223,MEXICO - MXSAT - Mexican Tax Administration Service,https://www.sat.gob.mx/home,,,Local,https://www.sat.gob.mx/home,Scrapper Not Available,,
224,MOLDOVA - MDMAI - Ministry of Internal Affairs of Moldova,http://www.mfa.gov.md/start-page-en/,,,Local,http://www.mfa.gov.md/start-page-en/,Scrapper Not Available,,
225,NETHERLANDS - AFM - Autoriteit FinancieIe Markten,https://tixpdf.com/naam-bestuurslid-tf-kockelkoren.html,,,Local,https://www.afm.nl/en,Scrapper Not Available,,
226,NETHERLANDS - NETHERLANDS NATIONAL TERRORISM SANCTIONS - NNTS,https://www.government.nl/latest/news/2017/03/08/100-names-on-national-terrorism-list,,,Global,https://www.government.nl/documents/reports/2016/01/15/national-terrorism-list,Scrapper Not Available,,
227,NEW ZEALAND - SECNZ - Sec. & Exchange Comm.,https://www.nzx.com/markets/NZSX,,,Global,https://www.mfat.govt.nz/en/peace-rights-and-security/sanctions/,Scrapper Not Available,,
228,NEW ZEALAND - SERIOUS FRAUD OFFICE - SFONZ,https://www.sfo.govt.nz/victims,,,Global,https://www.mfat.govt.nz/en/peace-rights-and-security/sanctions/,Scrapper Not Available,,
229,NORWAY - FINANCIAL SUPERVISORY AUTHORITY - WARNING NOTICES - NOFSA,https://www.finma.ch/en/finma-public/warning-list/,,,Global,https://www.finanstilsynet.no/en/,Scrapper Not Available,,
230,PARAGUAY - NATIONAL SECURITIES COMMISSION OF PARAGUAY - PYCNV,https://books.google.com.pk/books?id=-D26zy3xhjEC&pg=PA23&lpg=PA23&dq=NATIONAL+SECURITIES+COMMISSION+OF+PARAGUAY+list&source=bl&ots=3P3hfYJrfF&sig=vKcnohudlZBsOW6fAPq7NA8ESao&hl=en&sa=X&ved=2ahUKEwjvxfSG2czfAhUISRUIHVjPA1cQ6AEwDnoECAcQAQ#v=onepage&q=NATIONAL%20SECURITIES%20COMMISSION%20OF%20PARAGUAY%20list&f=false,,,Local,https://www.ifac.org/about-ifac/membership/country/paraguay,Scrapper Not Available,,
231,PHILIPPINES - PHBSP - Central Bank of The Philippines,https://en.wikipedia.org/wiki/List_of_banks_in_the_Philippines,,,Local,http://www.bsp.gov.ph/about/history2.asp,Scrapper Not Available,,
232,PHILIPPINES - PHNBI - Philippines National Bureau of Investigation,http://www.chanrobles.com/legal3nbi.html#.XCsMaM1RXDd,,,Local,http://www.dnd.gov.ph,Scrapper Not Available,,
233,PHILIPPINES - PHPNP - Philippine National Police Most Wanted,http://www.chanrobles.com/legal3nbi.html#.XCsMaM1RXDd,,,Local,http://www.dnd.gov.ph,Scrapper Not Available,,
234,PHILIPPINES - PHSEC - Securities and Exchange Commission.,http://www.sec.gov.ph/online-services/search-registered-companies/,,,Local,http://www.dnd.gov.ph,Scrapper Not Available,,
235,POLAND - PLUOKIK - Polish Office of Competition and Consumer Protection,https://www.ftc.gov/policy/international/competition-consumer-protection-authorities-worldwide,,,Local,https://www.uokik.gov.pl/home.php,Scrapper Not Available,,
236,POLAND - PLFSA - Polish Financial Supervision Authority,https://www.knf.gov.pl/en/ENTITIES,,,Local,https://www.uokik.gov.pl/home.php,Scrapper Not Available,,
237,PORTUGAL - CENTRAL BANK OF PORTUGAL - PTCB,https://en.wikipedia.org/wiki/List_of_banks_in_Portugal,,,Local,https://www.bportugal.pt/en/page/the-bank-mission-and-tasks,Scrapper Not Available,,
238,PORTUGAL - PTADC - Portugal Competition Authority,http://ec.europa.eu/competition/ecn/list_of_authorities.pdf,,,Local,http://www.concorrencia.pt/vEN/Pages/Homepage-AdC-vEN.aspx,Scrapper Not Available,,
239,PORTUGAL - PTCMVM - Comissao Do Mercado De Valores Mobiliarios,https://www.portaldocidadao.pt/web/comissao-do-mercado-de-valores-mobiliarios/comissao-do-mercado-de-valores-mobiliarios,,,Local,https://www.portaldocidadao.pt/web/comissao-do-mercado-de-valores-mobiliarios/comissao-do-mercado-de-valores-mobiliarios,Scrapper Not Available,,
240,QATAR - QANCTC - Qatar National Counter Terrorism Committee,https://portal.moi.gov.qa/wps/portal/NCTC/list_main/!ut/p/a1/hY7JDoIwFEW_xUW3vGdFHHY4hIqIQ0iEbkxNEDFAsVT8fZHEldPdvZvzTi5wCIEXok4ToVNZiOx5c-uwGFGTMpN6zmI1x-16687MjUPR7zZA1AB95s0dc4m-MwgmDUBZYO0YRez--98Db5FfhhbAL7ERXOBJJo_t3Mgujr1hAlzFp1jFyrippj5rXVZjggRLqbTIjFymRiJr4yoI3svq1RP0p8GUIJN5_El2lpWG8M0BZR7ipZ_Vnt3pPACgSSE3/dl5/d5/L2dBISEvZ0FBIS9nQSEh/,,,Local,https://portal.moi.gov.qa/wps/portal/NCTC/Media_Center/news/!ut/p/a1/hc9NC4JAEAbg39LBqzNtptbNSFbNSkNQ9xIatgrqilr-_Uy6BH3M7R2el2GAQQSsTu4FT_pC1En5zEw92yuiEEshLrX3JvpH39kqHiWoqyOIR7C0XJMqOzxQLdiMgFiBerII4vxfPwT2k1DtBX6dmAB-GQPBAcZLkU7_xEadLnQOrM2uWZu18q0d13nfN91aQgmHYZC5ELzM5IuoJPxUyUXXQ_QuoakiLLwq1Dtj9gC1oNmX/dl5/d5/L2dBISEvZ0FBIS9nQSEh/,Scrapper Not Available,,
241,ROMANIA - ROANI - Romanian National Integrity Agency,http://www.networkforintegrity.org/continents/europe/national-integrity-agency-ani/,,,Local,http://www.networkforintegrity.org/continents/europe/national-integrity-agency-ani/,Scrapper Not Available,,
242,ROMANIA - ROASF - Romanian Financial Supervision Authority,https://www.bis.org/regauth.htm,,,Local,https://asfromania.ro/en/,Scrapper Not Available,,
243,ROMANIA - ROIGPR - General Inspectorate of Romanian Police,https://www.interpol.int/Member-countries/Europe/Romania,,,Local,https://www.politiadefrontiera.ro/en/main/pg-general-inspectorate-58.html,Scrapper Not Available,,
244,ROMANIA-ROMANIAN COMPETITIONS COUNCIL-RCC,http://www.consiliulconcurentei.ro/en/official-documents/competition/decisions.html,,,Local,https://openknowledge.worldbank.org/handle/10986/12281,Scrapper Not Available,,
245,RUSSIAN FEDERATION - CENTRAL BANK OF RUSSIAN FEDERATION - RUCBR,https://www.bloomberg.com/research/stocks/private/snapshot.asp?privcapId=10048730,,,Local,https://www.cbr.ru/eng/,Scrapper Not Available,,
246,RUSSIAN FEDERATION - FEDERAL ANTIMONOPOLY SERVICE OF THE RUSSIAN FEDERATION - FASRF,http://en.fas.gov.ru/documents/documentdetails.html?id=14517,,,Local,http://en.fas.gov.ru,Scrapper Not Available,,
247,RUSSIAN FEDERATION - RUFTS-DD - Russian Federal Tax Service - Disqualified Directors,https://service.nalog.ru/disqualified.do,"All the disqualified people, we need to find the directors",,Local,https://www.nalog.ru/eng/fts/commissioner/,Scrapper Not Available,,
248,RUSSIAN FEDERATION - RUPGO - Prosecutor Generals Office Russian Federation,https://en.wikipedia.org/wiki/List_of_Prosecutor_Generals_of_Russia_and_the_Soviet_Union,,,Local,https://www.crunchbase.com/organization/the-prosecutor-general-s-office-of-the-russian-federation,Scrapper Not Available,,
249,RUSSIAN FEDERATION - RUSCRF - Russian Federal Investigative Committee,https://en.wikipedia.org/wiki/Investigative_Committee_of_Russia,,,Local,https://en.sledcom.ru,Scrapper Not Available,,
250,RUSSIAN FEDERATION - RUSSIAN FEDERAL DRUG CONTROL SERVICE - RUFDCS,http://government.ru/en/department/114/events/,,,Local,http://government.ru/en/department/114/events/,Scrapper Not Available,,
251,RUSSIAN FEDERATION - RUSSIAN FEDERAL PENAL SERVICE - RUFSIN,http://fsin.su/eng/,,,Local,http://fsin.su/eng/,Scrapper Not Available,,
252,RUSSIAN FEDERATION - RUSSIAN MINISTRY OF INTERNAL AFFAIRS - RUMVD,https://en.mvd.ru,,,Local,https://en.mvd.ru,Scrapper Not Available,,
253,RWANDA - RWANDAN PUBLIC PROCUREMENT AUTHORITY - RWPPA,http://rppa.gov.rw/index.php?id=188,,,Local,http://rppa.gov.rw/index.php?id=188,Scrapper Not Available,,
254,RWANDA - RWNP - Rwanda National Police,https://www.police.gov.rw/home/,,,Local,https://www.police.gov.rw/home/,Scrapper Not Available,,
255,SERBIA - BELGRADE APPELLATE COURT - RSBAC,http://www.bg.ap.sud.rs/en/articles/about-the-court-of-appeal/,,,Local,http://www.bg.ap.sud.rs/en/articles/about-the-court-of-appeal/,Scrapper Not Available,,
256,SERBIA - RSVSB - High Court of Serbia,https://www.vk.sud.rs/en/courts-republic-serbia,,,Local,https://www.vk.sud.rs/en/courts-republic-serbia,Scrapper Not Available,,
257,SEYCHELLES - FINANCIAL SERVICES AUTHORITY SEYCHELLES - SYFSA,https://www.fsaseychelles.sc,,,Local,https://www.fsaseychelles.sc,Scrapper Not Available,,
258,SEYCHELLES - SEYCHELLES INTERNATIONAL BUSINESS AUTHORITY - SYSIBA,https://www.fsaseychelles.sc,,,Local,https://www.fsaseychelles.sc,Scrapper Not Available,,
259,SINGAPORE - CADSG - Commercial Affairs Dept. Prosecutions.,https://www.police.gov.sg/about-us/organisational-structure/specialist-staff-departments/commercial-affairs-department/aml-cft,,,Local,https://www.police.gov.sg/about-us/organisational-structure/specialist-staff-departments/commercial-affairs-department/aml-cft,Scrapper Not Available,,
260,SINGAPORE - MAS - Monetary Authority Sanctions Lists,http://www.mas.gov.sg/regulations-and-financial-stability/anti-money-laundering-countering-the-financing-of-terrorism-and-targeted-financial-sanctions/targeted-financial-sanctions/lists-of-designated-individuals-and-entities.aspx,,,Global,http://www.mas.gov.sg/regulations-and-financial-stability/anti-money-laundering-countering-the-financing-of-terrorism-and-targeted-financial-sanctions/targeted-financial-sanctions/lists-of-designated-individuals-and-entities.aspx,Scrapper Not Available,,
261,SINGAPORE - MAS-AN - Monetary Authority - Advisory Notices.,http://www.mas.gov.sg/regulations-and-financial-stability/regulatory-and-supervisory-framework/mas-act/mas-act-notices.aspx,,,Global,http://www.mas.gov.sg/regulations-and-financial-stability/regulatory-and-supervisory-framework/mas-act/mas-act-notices.aspx,Scrapper Not Available,,
262,SINGAPORE - MASE - Monetary Authority - Enforcement.,http://www.mas.gov.sg/regulations-and-financial-stability/regulatory-and-supervisory-framework/mas-act/mas-act-notices.aspx,,,Global,http://www.mas.gov.sg/regulations-and-financial-stability/regulatory-and-supervisory-framework/mas-act/mas-act-notices.aspx,Scrapper Not Available,,
263,SINGAPORE - MAS-TSOFA - Monetary Authority of Singapore - Terrorism Suppression of Financing Act.,http://www.mas.gov.sg/regulations-and-financial-stability/regulatory-and-supervisory-framework/mas-act/mas-act-notices.aspx,,,Global,http://www.mas.gov.sg/regulations-and-financial-stability/regulatory-and-supervisory-framework/mas-act/mas-act-notices.aspx,Scrapper Not Available,,
264,SINGAPORE - MASW - Monetary Authority Warnings,http://www.mas.gov.sg/regulations-and-financial-stability/regulatory-and-supervisory-framework/mas-act/mas-act-notices.aspx,,,Global,http://www.mas.gov.sg/regulations-and-financial-stability/regulatory-and-supervisory-framework/mas-act/mas-act-notices.aspx,Scrapper Not Available,,
265,SINGAPORE - SGCCS - Competition Commission of Singapore,https://www.cccs.gov.sg,,,Local,https://www.cccs.gov.sg,Scrapper Not Available,,
266,SINGAPORE - SGIRAS - Inland Revenue Authority of Singapore,https://www.iras.gov.sg/irashome/default.aspx,,,Local,https://www.iras.gov.sg/irashome/default.aspx,Scrapper Not Available,,
267,SINGAPORE - SGSGX - Singapore Exchange,https://www2.sgx.com,,,Local,https://www2.sgx.com,Scrapper Not Available,,
268,SINGAPORE - SINGAPORE CORRUPT PRACTICES INVESTIGATION BUREAU - SGCPIB,https://www.cpib.gov.sg,,,Local,https://www.cpib.gov.sg,Scrapper Not Available,,
269,SLOVAKIA - NATIONAL BANK OF SLOVAKIA - SKNBS,https://www.nbs.sk/en/home,,,Global,https://www.nbs.sk/en/home,Scrapper Not Available,,
270,SOUTH AFRICA - RSA-CC - South African Competitions Commission,http://www.compcom.co.za,,,Local,http://www.compcom.co.za,Scrapper Not Available,,
271,SOUTH AFRICA - SOUTH AFRICAN POLICE SERVICE - SAPS,http://www.compcom.co.za,,,Local,http://www.compcom.co.za,Scrapper Not Available,,
272,SOUTH AFRICA - ZAFSB - Financial Services Board,http://www.compcom.co.za,,,Local,http://www.compcom.co.za,Scrapper Not Available,,
273,SPAIN - CNMV - Com. Nacional Del Mercado De Valores,https://www.cnmv.es/portal/home.aspx?lang=en,,,Local,https://www.cnmv.es/portal/home.aspx?lang=en,Scrapper Not Available,,
274,SPAIN - DGSFP - Directorate General of Insurance and Pension Funds,https://www.cnmv.es/portal/home.aspx?lang=en,,,Local,https://www.cnmv.es/portal/home.aspx?lang=en,Scrapper Not Available,,
275,SPAIN - ESGC-MW - Guardia Civil - Most Wanted,https://www.cnmv.es/portal/home.aspx?lang=en,,,Local,https://www.cnmv.es/portal/home.aspx?lang=en,Scrapper Not Available,,
276,SPAIN - UE - Sanctions Lists.,https://www.cnmv.es/portal/home.aspx?lang=en,,,Global,https://www.cnmv.es/portal/home.aspx?lang=en,Scrapper Not Available,,
277,SRI LANKA - SLGAZ - Sri Lanka Government Gazette Terrorism List,http://www.dailymirror.lk/article/Gazette-issued-listing-LTTE-members--151683.html,,,Local,http://www.dailymirror.lk/article/Gazette-issued-listing-LTTE-members--151683.html,Scrapper Not Available,,
278,SWEDEN - FISE - Finansinspektionen.,https://www.fi.se/en/about-fi/,,,Local,https://www.fi.se/en/about-fi/,Scrapper Not Available,,
279,SWEDEN - SESCA - Swedish Competition Authority,https://www.fi.se/en/about-fi/,,,Local,https://www.fi.se/en/about-fi/,Scrapper Not Available,,
280,SWITZERLAND - SECO - State Secretariat for Econ. Affairs.,https://sanctionsguide.eversheds-sutherland.com/countries/switzerland/,,,Local,https://www.seco.admin.ch/seco/en/home.html,Scrapper Not Available,,
281,SWITZERLAND - CHWEKO - Swiss Competition Commission,https://sanctionsguide.eversheds-sutherland.com/countries/switzerland/,,,Local,https://www.weko.admin.ch/weko/en/home.html,Scrapper Not Available,,
282,SWITZERLAND - FDFA - Federal Department of Foreign Affairs,https://sanctionsguide.eversheds-sutherland.com/countries/switzerland/,,,Local,https://www.fdfa.admin.ch/eda/en/home.html,Scrapper Not Available,,
283,SWITZERLAND - FINMA - Swiss Financial Market Supervisory Authority,https://sanctionsguide.eversheds-sutherland.com/countries/switzerland/,,,Local,https://www.fdfa.admin.ch/eda/en/home.html,Scrapper Not Available,,
284,SWITZERLAND - SECO - BLRTB - State Secretariat for Econ. Affairs - Belarus Travel Ban.,https://sanctionsguide.eversheds-sutherland.com/countries/switzerland/,,,Global,https://www.fdfa.admin.ch/eda/en/home.html,Scrapper Not Available,,
285,SWITZERLAND - SECO -AT - State Secretariat for Econ. Affairs - Al Qaida & Taliban.,https://sanctionsguide.eversheds-sutherland.com/countries/switzerland/,,,Global,https://www.fdfa.admin.ch/eda/en/home.html,Scrapper Not Available,,
286,SWITZERLAND - SECO-BDI - State Secretariat for Econ. Affairs - Burundi,https://sanctionsguide.eversheds-sutherland.com/countries/switzerland/,,,Global,https://www.fdfa.admin.ch/eda/en/home.html,Scrapper Not Available,,
287,SWITZERLAND - SECO-BLR - State Secretariat for Econ. Affairs - Belarus Asset Freeze.,https://sanctionsguide.eversheds-sutherland.com/countries/switzerland/,,,Global,https://www.fdfa.admin.ch/eda/en/home.html,Scrapper Not Available,,
288,SWITZERLAND - SECO-CAR - State Secretariat for Econ. Affairs - Central African Republic,https://www.state.gov/p/af/ci/index.htm,,,Local,https://www.fdfa.admin.ch/eda/en/home.html,Scrapper Not Available,,
289,SWITZERLAND - SECO-DRC - State Secretariat for Econ. Affairs - Dem. Rep. Congo.,https://www.fdfa.admin.ch/eda/en/home.html,,,Global,https://www.fdfa.admin.ch/eda/en/home.html,Scrapper Not Available,,
290,UK - UKOFCOM - UK Office of Communications,https://www.bloomberg.com/profiles/companies/0672587D:LN-united-kingdom-office-of-communications,,,Global,https://www.ofcom.org.uk/home,Scrapper Available,,
291,UKRAINE - SCFM - State Committee for Financial Monitoring - UN Sanctions Programmes.,http://www.sdfm.gov.ua/index.php?lang=en,,,Global,http://www.sdfm.gov.ua/index.php?lang=en,Scrapper Available,,
292,UKRAINE - STATE COMMITTEE FOR FINANCIAL MONITORING - TERRORISM LIST - SCFM-TERR,http://www.sdfm.gov.ua/index.php?lang=en,,,Global,http://www.sdfm.gov.ua/index.php?lang=en,Scrapper Available,,
293,UKRAINE - UAMVS - Ukraine Ministry of Internal Affairs,https://www.crwflags.com/FOTW/FLAGS/ua.html,,,Global,http://www.sdfm.gov.ua/index.php?lang=en,Scrapper Available,,
294,UKRAINE - UANBU - National Bank of Ukraine,https://www.crwflags.com/FOTW/FLAGS/ua.html,,,Global,http://www.sdfm.gov.ua/index.php?lang=en,Scrapper Available,,
295,SWITZERLAND - SECOEMBARGO - State Secretariat for Econ. Affairs - Country or Region Embargo.,https://www.state.gov/p/af/ci/index.htm,,,Global,https://www.fdfa.admin.ch/eda/en/home.html,Scrapper Not Available,,
296,SWITZERLAND - SECO-GN - State Secretariat for Econ. Affairs - Guinea,https://www.state.gov/p/af/ci/index.htm,,,Global,https://www.fdfa.admin.ch/eda/en/home.html,Scrapper Not Available,,
297,SWITZERLAND - SECO-GNB - State Secretariat for Econ. Affairs - Guinea-Bissau,https://www.state.gov/p/af/ci/index.htm,,,Global,https://www.fdfa.admin.ch/eda/en/home.html,Scrapper Not Available,,
298,SWITZERLAND - SECO-GNTB - State Secretariat for Econ. Affairs - Guinea Travel Ban.,https://www.state.gov/p/af/ci/index.htm,,,Global,https://www.fdfa.admin.ch/eda/en/home.html,Scrapper Not Available,,
299,SWITZERLAND - SECO-IRQ - State Secretariat for Econ. Affairs - Iraq.,https://www.fdfa.admin.ch/eda/en/home.html,,,Global,https://www.fdfa.admin.ch/eda/en/home.html,Scrapper Not Available,,
300,SWITZERLAND - SECO-LBY - State Secretariat for Econ. Affairs - Libya Asset Freeze,https://www.fdfa.admin.ch/eda/en/home.html,,,Global,https://www.fdfa.admin.ch/eda/en/home.html,Scrapper Not Available,,
301,SWITZERLAND - SECO-LBYTB - State Secretariat for Econ. Affairs - Libya Travel Ban,https://www.fdfa.admin.ch/eda/en/home.html,,,Global,https://www.fdfa.admin.ch/eda/en/home.html,Scrapper Not Available,,
302,USA - BPI-SDNTK - OFAC SDN List - BPI-Specially Designated Narcotics Trafficker Kingpin,https://www.treasury.gov/resource-center/sanctions/Programs/pages/sudan.aspx,,,Global,https://www.treasury.gov/resource-center/sanctions/Programs/pages/sudan.aspx,Scrapper Available,,
303,SWITZERLAND - SECO-MY - State Secretariat for Econ. Affairs - Myanmar.,https://www.fdfa.admin.ch/eda/en/home.html,,,Global,https://www.fdfa.admin.ch/eda/en/home.html,Scrapper Not Available,,
304,SWITZERLAND - SECO-S - State Secretariat for Econ. Affairs - Sudan.,https://www.fdfa.admin.ch/eda/en/home.html,,,Global,https://www.fdfa.admin.ch/eda/en/home.html,Scrapper Not Available,,
305,SWITZERLAND - SECO-SOM - State Secretariat for Econ. Affairs - Somalia.,https://www.fdfa.admin.ch/eda/en/home.html,,,Global,https://www.fdfa.admin.ch/eda/en/home.html,Scrapper Not Available,,
306,SWITZERLAND - SECO-SS - State Secretariat for Econ. Affairs - South Sudan,https://www.fdfa.admin.ch/eda/en/home.html,,,Global,https://www.fdfa.admin.ch/eda/en/home.html,Scrapper Not Available,,
307,SWITZERLAND - SECO-SYR - State Secretariat for Econ. Affairs - Syria,https://www.fdfa.admin.ch/eda/en/home.html,,,Global,https://www.fdfa.admin.ch/eda/en/home.html,Scrapper Not Available,,
308,SWITZERLAND - SECO-TUN - State Secretariat for Econ. Affairs - Tunisia,https://www.fdfa.admin.ch/eda/en/home.html,,,Global,https://www.fdfa.admin.ch/eda/en/home.html,Scrapper Not Available,,
309,SWITZERLAND - SECO-UKR - State Secretariat for Economic Affairs - Ukraine,https://www.fdfa.admin.ch/eda/en/home.html,,,Global,https://www.fdfa.admin.ch/eda/en/home.html,Scrapper Not Available,,
310,SWITZERLAND - SECO-UKRFSR -State Secretariat for Economic Affairs - Ukraine - Financial Services Restrictions Art 5,https://www.fdfa.admin.ch/eda/en/home.html,,,Global,https://www.fdfa.admin.ch/eda/en/home.html,Scrapper Not Available,,
311,SWITZERLAND - SECO-VE - State Secretariat for Econ. Affairs - Venezuela,https://www.fdfa.admin.ch/eda/en/home.html,,,Global,https://www.fdfa.admin.ch/eda/en/home.html,Scrapper Not Available,,
312,SWITZERLAND - SECO-YEM - State Secretariat for Econ. Affairs - Yemen,https://www.fdfa.admin.ch/eda/en/home.html,,,Global,https://www.fdfa.admin.ch/eda/en/home.html,Scrapper Not Available,,
313,SWITZERLAND - SECO-Z - State Secretariat for Econ. Affairs - Zimbabwe.,https://www.fdfa.admin.ch/eda/en/home.html,,,Global,https://www.fdfa.admin.ch/eda/en/home.html,Scrapper Not Available,,
314,SWITZERLAND - SIXEX - Six Swiss Exchange,https://www.fdfa.admin.ch/eda/en/home.html,,,Global,https://www.fdfa.admin.ch/eda/en/home.html,Scrapper Not Available,,
315,TAIWAN - FINANCIAL SUPERVISORY COMMISSION - TWFSC,https://www.fsc.gov.tw/en/home.jsp?id=1&parentpath=0,,,Local,https://www.fsc.gov.tw/en/home.jsp?id=1&parentpath=0,Scrapper Not Available,,
316,TAIWAN - MINISTRY OF JUSTICE INVESTIGATION BUREAU - MJIB,https://www.fsc.gov.tw/en/home.jsp?id=1&parentpath=0,,,Local,https://www.fsc.gov.tw/en/home.jsp?id=1&parentpath=0,Scrapper Not Available,,
317,TAIWAN - TWMOJ - Taiwan Ministry of Justice,https://www.moj.gov.tw/mp-095.html,,,Local,https://www.moj.gov.tw/mp-095.html,Scrapper Not Available,,
318,TAJIKISTAN - TJFIU - Tajikistan Financial Intelligence Unit,http://www.nbt.tj/en/financial_monitoring/,,,Local,http://www.nbt.tj/en/financial_monitoring/,Scrapper Not Available,,
319,TAJIKISTAN - TJMVD - Ministry of Internal Affairs of Tajikistan,http://www.president.tj/en/taxonomy/term/5/35,,,Local,http://mvd.tj/index.php/en,Scrapper Not Available,,
320,THAILAND - SEC. EXCHANGE COMM. - SECTHAI,https://www.sec.or.th/EN/Pages/Home.aspx,,,Local,https://www.sec.or.th/EN/Pages/Home.aspx,Scrapper Not Available,,
321,THAILAND - THAI ANTI MONEY LAUNDERING OFFICE - THAMLO,https://www.siam-legal.com/litigation/thailand-criminal-cases.php,,,Local,http://www.amlo.go.th/index.php/en/,Scrapper Not Available,,
322,TRINIDAD AND TOBAGO - TTFIU - Trinidad and Tobago Financial Intelligence Unit - Terrorism Orders,http://www.fiu.gov.tt,,,Global,http://www.fiu.gov.tt,Scrapper Not Available,,
323,TURKEY - TRCA - Turkey Competition Authority,http://www.mondaq.com/turkey/x/731510/Cartels+Monopolies/How+Does+The+Turkish+Competition+Authority+Deal+With+Market+Analysis+In+Information+Exchange+Cases+Lessons+From+The+Syndicated+Loan+Decision,,,Local,http://www.mondaq.com/turkey/x/731510/Cartels+Monopolies/How+Does+The+Turkish+Competition+Authority+Deal+With+Market+Analysis+In+Information+Exchange+Cases+Lessons+From+The+Syndicated+Loan+Decision,Scrapper Not Available,,
324,TURKEY - TRCOM - Council of Ministers of Turkey - Terrorism Linked Organisations,http://www.mfa.gov.tr/default.en.mfa,,,Global,http://www.mfa.gov.tr/default.en.mfa,Scrapper Not Available,,
325,TURKEY - TRMOI - Turkish Ministry of Interior - Most Wanted Terrorists,http://www.mia.gov.tr,,,Global,http://www.mia.gov.tr,Scrapper Not Available,,
326,TURKEY - TRSPK - Capital Markets Board of Turkey,http://www.cmb.gov.tr,,,Local,http://www.cmb.gov.tr,Scrapper Not Available,,
327,UK - COMPANIES HOUSE - DISQ. DIRECTORS,https://www.gov.uk/search-the-register-of-disqualified-company-directors,,,Local,https://www.gov.uk/search-the-register-of-disqualified-company-directors,Scrapper Not Available,,
328,UK - DTI-SEC - Strategic Export Control Iran.,https://www.gov.uk/guidance/uk-strategic-export-control-lists-the-consolidated-list-of-strategic-military-and-dual-use-items,,,Global,https://www.gov.uk/guidance/uk-strategic-export-control-lists-the-consolidated-list-of-strategic-military-and-dual-use-items,Scrapper Not Available,,
329,UK - FSA - Financial Conduct Auth. (previously fin services auth),https://www.fca.org.uk,,,Global,https://www.fca.org.uk,Scrapper Not Available,,
330,UK - FSA-UFI - Financial Conduct Auth. (previously fin services auth) Unauthorised Firms or Individuals,https://www.fca.org.uk,,,Global,https://www.fca.org.uk,Scrapper Not Available,,
331,UK - FSA-UOF - Financial Conduct Auth. (previously fin services auth) List of Unauthorised Overseas Firms.,https://www.fca.org.uk,,,Global,https://www.fca.org.uk,Scrapper Not Available,,
332,UK - HM CUSTOMS & EXCISE - UK CUSTOMS,https://www.gov.uk/government/organisations/hm-revenue-customs/contact/customs-international-trade-and-excise-enquiries,,,Global,https://www.gov.uk/government/organisations/hm-revenue-customs/contact/customs-international-trade-and-excise-enquiries,Scrapper Not Available,,
333,UK - HM REVENUE & CUSTOMS TAX DEFAULTERS - UKHMRC-TD,https://www.gov.uk/government/organisations/hm-revenue-customs/contact/customs-international-trade-and-excise-enquiries,,,Global,https://www.gov.uk/government/organisations/hm-revenue-customs/contact/customs-international-trade-and-excise-enquiries,Scrapper Not Available,,
334,UK - UKHO - Home Office - Proscribed Terrorist Groups.,https://www.gov.uk/government/publications/proscribed-terror-groups-or-organisations--2,,,Global,https://www.gov.uk/government/publications/proscribed-terror-groups-or-organisations--2,Scrapper Not Available,,
335,UKRAINE - UANSDC - National Security and Defence Council of Ukraine.,http://www.sdfm.gov.ua/index.php?lang=en,,,Global,http://www.sdfm.gov.ua/index.php?lang=en,Scrapper Not Available,,
336,UKRAINE - UASSU - Security Service of Ukraine,http://www.sdfm.gov.ua/index.php?lang=en,,,Global,http://www.sdfm.gov.ua/index.php?lang=en,Scrapper Not Available,,
337,UN - CHILDREN IN ARMED CONFLICT UN RES 1612 - UN-CIAC,https://www.un.org/securitycouncil/sanctions/narrative-summaries,,,Global,https://www.un.org/press/en/2005/sc8458.doc.htm,Scrapper Not Available,,
338,URUGUAY - BCU - Central Bank Account Closures,https://www.fdic.gov/bank/individual/failed/banklist.html,,,Local,https://www.bcu.gub.uy/Ingles/Paginas/Acerca-de.aspx,Scrapper Not Available,,
339,URUGUAY - BCUPEP - Central Bank of Uruguay - PEP List,https://www.bcu.gub.uy/Servicios-Financieros-SSF/Paginas/Personas-Politicamente-Expuestas.aspx,,,Local,https://www.bcu.gub.uy/Ingles/Paginas/Acerca-de.aspx,Scrapper Not Available,,
340,USA - ADOI - Dept. of Insurance,https://www.iii.org/services/directory/company-categories/state-insurance-departments,,,Local,https://insurance.az.gov,Scrapper Not Available,,
341,"USA - BANKING BOARD, NY STATE - NYBB",https://publicrecordssearcher.com/networth-b.php?subid=prsrchr-financial-banks-o-&keyword=banks&msclkid=106216d80a0514bfb0154af31affbd2c,,,Global,https://www.dfs.ny.gov/about/auhistory.htm,Scrapper Not Available,,
342,USA - BISN - Bureau of Int Sec & Nonproliferation,https://www.state.gov/documents/organization/284359.pdf,,,Global,https://www.state.gov/t/isn/,Scrapper Not Available,,
343,USA - BISN.IR-IQ - Bureau of Int Sec & Nonproliferation,https://www.treasury.gov/resource-center/sanctions/Programs/Pages/wmd.aspx,,,Global,https://www.state.gov/t/isn/,Scrapper Not Available,,
344,USA - BISN-CAATSA231 - Section231 of CAATSA (Countering America's Adversaries Through Sanctions Act ),https://www.state.gov/documents/organization/284359.pdf,,,Global,https://www.womenforwomen.org/where-we-work/south-sudan?gclid=Cj0KCQiAr93gBRDSARIsADvHiOr--JErO4moigwPxWjZxxRzPGkang_UnQKz4F7w34uOhTXlikv_UokaAoBkEALw_wcB,Scrapper Not Available,,
345,USA - BISN-CBW - Bureau of Int Sec & Nonproliferation.,https://www.state.gov/documents/organization/284359.pdf,,,Global,https://www.state.gov/t/isn/,Scrapper Not Available,,
346,USA - BISN-EIBA - Bureau of Int Sec & Nonproliferation,https://www.state.gov/documents/organization/284359.pdf,,,Global,https://www.state.gov/t/isn/,Scrapper Not Available,,
347,USA - BISN-EO12938 - Bureau of Int Sec & Nonproliferation,https://www.state.gov/documents/organization/284359.pdf,,,Global,https://www.state.gov/t/isn/,Scrapper Not Available,,
348,USA - BISN-EO13382 - Bureau of Int Sec & Nonproliferation,https://www.state.gov/documents/organization/284359.pdf,,,Global,https://www.state.gov/t/isn/,Scrapper Not Available,,
349,USA - BISN-IRAN - Bureau of Int Sec & Nonproliferation,https://www.state.gov/documents/organization/284359.pdf,,,Global,https://www.state.gov/t/isn/,Scrapper Not Available,,
350,USA - BISN-IRSY - Bureau of Int Sec & Nonproliferation,https://www.state.gov/documents/organization/284359.pdf,,,Global,https://www.state.gov/t/isn/,Scrapper Not Available,,
351,USA - BISN-LME - Bureau of Int Sec & Nonproliferation.,https://www.state.gov/documents/organization/284359.pdf,,,Global,https://www.state.gov/t/isn/,Scrapper Not Available,,
352,USA - BISN-MIS - Bureau of Int Sec & Nonproliferation,https://www.state.gov/documents/organization/284359.pdf,,,Global,https://www.state.gov/t/isn/,Scrapper Not Available,,
353,USA - BISN-NPPA - Bureau of Int Sec & Nonproliferation,https://www.state.gov/documents/organization/284359.pdf,,,Global,https://www.treasury.gov/resource-center/sanctions/Programs/pages/sudan.aspx,Scrapper Not Available,,
354,USA - BPI - OFAC SDN List - Blocked Pending Investigation,https://www.state.gov/documents/organization/284359.pdf,,,Global,https://www.treasury.gov/resource-center/sanctions/Programs/pages/sudan.aspx,Scrapper Not Available,,
355,USA - BXA - Bureau Ind and Sec Denied Persons List,https://www.cbp.gov/trade/trade-community/programs-outreach/blocked-denied-debarred,,,Global,https://www.un.org/sc/suborg/en/sanctions/2048/exemptions-measures/travel-ban,Scrapper Not Available,,
356,USA - BXAENT - Bureau of Industry and Security - Entity List,https://www.cbp.gov/trade/trade-community/programs-outreach/blocked-denied-debarred,,,Global,https://www.treasury.gov/resource-center/sanctions/Programs/pages/sudan.aspx,Scrapper Not Available,,
357,USA - BXAUNVER - Bureau Industry and Security - Unverified List,https://www.cbp.gov/trade/trade-community/programs-outreach/blocked-denied-debarred,,,Global,https://www.bis.doc.gov/index.php/policy-guidance/lists-of-parties-of-concern/unverified-list,Scrapper Not Available,,
358,USA - CADI - California Department of Insurance,http://www.insurance.ca.gov,,,Local,http://www.insurance.ca.gov,Scrapper Not Available,,
359,USA - CFTC-RL - Commodity Futures Trading Comm - Red List,https://www.cftc.gov/PressRoom/PressReleases/pr7663-17,,,Local,https://www.cftc.gov/PressRoom/PressReleases/pr7663-17,Scrapper Not Available,,
360,USA - CHICAGO BOARD OPTIONS EXCHANGE - USCBOE,https://www.investopedia.com/terms/c/cboe.asp,,,Local,http://www.cboe.com,Scrapper Not Available,,
361,USA - COMMODITY FUTURES TRADING COMM. - CFTC,http://www.cboe.com,,,Local,http://www.cboe.com,Scrapper Not Available,,
362,USA - CORPCA - California Department of Corporations,https://www.secstates.com/CA_California_Secretary_of_State_Corporation_Search,,,Local,http://www.dbo.ca.gov/About_DBO/organization/doc.asp,Scrapper Not Available,,
363,"USA - DEPT GEN. SERVICES, PENNSYLVANIA - PDGS","https://www.dgs.pa.gov/State%20Government/Print,%20Design%20and%20Mail%20Services/Pages/The-Pennsylvania-Manual.aspx",,,Local,"https://www.dgs.pa.gov/State%20Government/Print,%20Design%20and%20Mail%20Services/Pages/The-Pennsylvania-Manual.aspx",Scrapper Not Available,,
364,"USA - DEPT OF TRANSPORTATION, WISCONSIN - WISCONSIN DT",https://wisconsindot.gov/Pages/home.aspx,,,Local,https://wisconsindot.gov/Pages/home.aspx,Scrapper Not Available,,
365,USA - FED DEPOSIT INS. CORP. - FAILED BANKS - FDIC-FB,https://www.fdic.gov/bank/individual/failed/banklist.html,,,Local,https://www.fdic.gov,Scrapper Not Available,,
366,USA - FED DEPOSIT INS. CORP. - FDIC,https://www.fdicconnect.gov/index.asp,,,Local,https://www.fdic.gov,Scrapper Not Available,,
367,USA - FEDERAL RESERVE BOARD - USFRB,https://www.fdic.gov,,,Local,https://www.fdic.gov,Scrapper Not Available,,
368,USA - FINANCIAL INDUSTRY REGULATORY AUTHORITY - FINRA,https://www.fincen.gov,,,Global,https://www.fincen.gov,Scrapper Not Available,,
369,USA - FSEL - Foreign Sanctions Evaders List.,https://www.treasury.gov/resource-center/sanctions/Programs/pages/sudan.aspx,,,Global,https://www.treasury.gov/resource-center/sanctions/Programs/pages/sudan.aspx,Scrapper Not Available,,
370,USA - HHS - Dept of Health & Human Services,https://www.fincen.gov,,,Global,https://www.fincen.gov,Scrapper Not Available,,
371,USA - HHS-CMP - Department of Health & Human Services - Civil Monetary Penalties,https://www.fincen.gov,,,Global,https://www.fincen.gov,Scrapper Not Available,,
372,USA - IMMIGRATION & CUSTOMS ENFORCEMENT - ICE,https://www.fincen.gov,,,Global,https://www.fincen.gov,Scrapper Not Available,,
373,"USA - INKSNA - Bureau of Verification, Compliance & Implementation - Iran, N Korea & Syria Nonproliferation",https://www.treasury.gov/resource-center/sanctions/Programs/pages/sudan.aspx,,,Global,https://www.treasury.gov/resource-center/sanctions/Programs/pages/sudan.aspx,Scrapper Not Available,,
374,USA - NAT. CREDIT UNION ADMIN - USNCUA,https://www.fincen.gov,,,Global,https://www.fincen.gov,Scrapper Not Available,,
375,USA - NATIONAL FUTURES ASSOC. - NFA,https://www.fincen.gov,,,Global,https://www.fincen.gov,Scrapper Not Available,,
376,USA - NEW YORK STOCK EXCHANGE - NYSE,https://www.fincen.gov,,,Global,https://www.fincen.gov,Scrapper Not Available,,
377,USA - OFAC CIVIL PENALTIES - CIVPEN,https://www.fincen.gov,,,Global,https://www.fincen.gov,Scrapper Not Available,,
378,USA - OFFICE OF THRIFT SUPERVISION - OTS,https://eur-lex.europa.eu/legal-content/GA/TXT/?uri=CELEX:32014R0269,,,Global,https://eur-lex.europa.eu/legal-content/GA/TXT/?uri=CELEX:32014R0269,Scrapper Not Available,,
379,USA - POSTAL INSPECTION SERVICE - USPS,https://www.treasury.gov/about/history/Pages/ots.aspx,,,Global,https://www.treasury.gov/about/history/Pages/ots.aspx,Scrapper Not Available,,
380,USA - PUBLIC COMPANY ACCOUNTING OVERSIGHT BOARD - PCAOB,https://postalinspectors.uspis.gov,,,Global,https://postalinspectors.uspis.gov,Scrapper Not Available,,
381,USA - SDTEL -State Dept. Terrorist Excl. List.,https://www.thedailybeast.com/will-iran-sell-out-al-qaeda-for-nukes,,,Local,https://www.thedailybeast.com/will-iran-sell-out-al-qaeda-for-nukes,Scrapper Not Available,,
382,USA - SECURITIES EXCHANGE COMM - SEC,https://www.sec.gov,,,Global,https://www.sec.gov,Scrapper Not Available,,
383,USA - SECURITIES EXCHANGE COMM - UNREG SOLICITING ENTITIES - SEC-PAUSE,https://www.sec.gov,,,Global,https://www.sec.gov,Scrapper Not Available,,
384,USA - SPECIAL INSPECTOR GENERAL FOR IRAQ RECONSTRUCTION - USSIGIR,https://www.globalsecurity.org/military/library/report/sigir/index.html,,,Local,https://www.globalsecurity.org/military/library/report/sigir/index.html,Scrapper Not Available,,
385,USA - STATE DEPT - IRAN THREAT REDUCTION & SYRIA HUMAN RIGHTS ACT - ITRSHRA,http://uscode.house.gov/view.xhtml?path=/prelim@title22/chapter94&edition=prelim,,,Global,http://uscode.house.gov/view.xhtml?path=/prelim@title22/chapter94&edition=prelim,Scrapper Not Available,,
386,"USA - STATE INSURANCE DEPT, NY - NYSID",https://www.dfs.ny.gov/insurance/dfs_insurance.htm,,,Local,https://www.dfs.ny.gov/insurance/dfs_insurance.htm,Scrapper Not Available,,
387,USA - UKR-EO13662 - Sectoral Sanctions Identifications List.,https://www.treasury.gov/resource-center/sanctions/SDN-List/Pages/ssi_list.aspx,,,Global,https://www.treasury.gov/resource-center/sanctions/SDN-List/Pages/ssi_list.aspx,Scrapper Not Available,,
388,USA - US BUREAU OF INDUSTRY & SECURITY - EXPORT VIOLATIONS - USBIS-EV,https://www.dfs.ny.gov/insurance/dfs_insurance.htm,,,Local,https://www.dfs.ny.gov/insurance/dfs_insurance.htm,Scrapper Not Available,,
389,USA - US BUREAU OF INTERNATIONAL NARCOTICS AND LAW ENFORCEMENT - USINL,https://www.dfs.ny.gov/insurance/dfs_insurance.htm,,,Local,https://www.dfs.ny.gov/insurance/dfs_insurance.htm,Scrapper Not Available,,
390,"USA - US DEPARTMENT OF LABOR, OFFICE OF LABOR - MANAGEMENT STANDARDS - USDOL-OLMS",https://www.dfs.ny.gov/insurance/dfs_insurance.htm,,,Local,https://www.dfs.ny.gov/insurance/dfs_insurance.htm,Scrapper Not Available,,
391,USA - US MARSHALLS,https://www.dfs.ny.gov/insurance/dfs_insurance.htm,,,Local,https://www.dfs.ny.gov/insurance/dfs_insurance.htm,Scrapper Not Available,,
392,USA - USATF - Bureau of Alcohol Tobacco Firearms & Explosives,https://www.dfs.ny.gov/insurance/dfs_insurance.htm,,,Local,https://www.dfs.ny.gov/insurance/dfs_insurance.htm,Scrapper Not Available,,
393,USA - USCFPB - US Consumer Financial Protection Bureau,https://www.dfs.ny.gov/insurance/dfs_insurance.htm,,,Local,https://www.dfs.ny.gov/insurance/dfs_insurance.htm,Scrapper Not Available,,
394,USA - USCG-PV - US Coast Guard Prohibited Vessels,https://www.usmarshals.gov/history/directors.htm,,,Local,https://www.dfs.ny.gov/insurance/dfs_insurance.htm,Scrapper Not Available,,
395,USA - USDOJ EXECUTIVE OFFICE FOR IMMIGRATION REVIEW - DISCIPLINED PRACTITIONERS LIST - USDOJ-EOIR,https://www.dfs.ny.gov/insurance/dfs_insurance.htm,,,Local,https://www.dfs.ny.gov/insurance/dfs_insurance.htm,Scrapper Not Available,,
396,"USA - USDOL-EBSA - US Department of Labor, Employee Benefits Security Administration",https://www.dfs.ny.gov/insurance/dfs_insurance.htm,,,Local,https://www.dfs.ny.gov/insurance/dfs_insurance.htm,Scrapper Not Available,,
397,USA - USEMBARGO - Country or Region Sanctions.,https://www.bscn.nl/sanctions-consulting/sanctions-list-countries,,,Global,https://www.treasury.gov/resource-center/sanctions/Programs/Pages/Programs.aspx,Scrapper Not Available,,
398,USA - USFHFA - US Federal Housing Finance Agency,https://www.usa.gov/federal-agencies/u-s-department-of-housing-and-urban-development,,,Local,https://www.usa.gov/federal-agencies/u-s-department-of-housing-and-urban-development,Scrapper Not Available,,
399,USA - USHUD - US Department of Housing and Urban Development,https://www.usa.gov/federal-agencies/u-s-department-of-housing-and-urban-development,,,Local,https://www.usa.gov/federal-agencies/u-s-department-of-housing-and-urban-development,Scrapper Not Available,,
400,USA - USSAG - US State Attorneys General,https://en.wikipedia.org/wiki/State_attorney_general,,,Local,https://www.usa.gov/state-attorney-general,Scrapper Not Available,,
401,USA - USSIGAR - Special Inspector General for Afghanistan Reconstruction,https://www.sigar.mil,,,Global,https://www.sigar.mil,Scrapper Not Available,,
402,USA - USSPSC - US State Prohibited or Scrutinized Companies,https://www.dms.myflorida.com/business_operations/state_purchasing/vendor_information/convicted_suspended_discriminatory_complaints_vendor_lists/scrutinized_list_of_prohibited_companies,,,Local,https://www.state.gov/t/isn/c15231.htm,Scrapper Not Available,,
403,USA - USTREAS.311 - Patriot Act Section 311.,https://www.ballardspahr.com/people.aspx?query=true,,,Global,https://www.treasury.gov/press-center/press-releases/Pages/tg1056.aspx,Scrapper Not Available,,
404,USA - VEPTRE-WC - Venezuela Prohibited Transactions Relevant Entity World-Check Data,https://www.refinitiv.com/en/products/world-check-kyc-screening,,,Global,http://financial-risk-solutions.thomsonreuters.info/WC1Watchlist,Scrapper Not Available,,
405,UZBEKISTAN - UZGUVD - Department of Internal Affairs of Tashkent - Wanted,http://enews.fergananews.com/article.php?id=2574,,,Local,https://mfa.uz/en/about/services/,Scrapper Not Available,,
406,UZBEKISTAN - UZMVD - Ministry of Internal Affairs of Uzbekistan - Wanted,http://enews.fergananews.com/article.php?id=2574,,,Local,https://mfa.uz/en/about/services/,Scrapper Not Available,,
407,VIET NAM - STATE SECURITIES COMMISSION OF VIETNAM - SSCVN,https://english.vietnamnet.vn/fms/government/206578/ministry-of-public-security-undergoes-major-reshuffle.html,,,Global,http://www.ssc.gov.vn/ubck/faces/en/enmenu/enpages_home;jsessionid=2QhGcY2RLQs1GpddpHW8nF5LsNKDLpdWzZFlLGY8gLQ83CDyLKsR!-218154759!1051019581?_afrLoop=43615297559312902&_afrWindowMode=0&_afrWindowId=19396#%40%3F_afrWindowId%3D19396%26_afrLoop%3D43615297559312902%26_afrWindowMode%3D0%26_adf.ctrl-state%3D2wrlv7mra_4,Scrapper Not Available,,
408,VIETNAM - VNMPS-MW - Ministry of Public Security of Vietnam - Most Wanted,https://www.interpol.int/Member-countries/Asia-South-Pacific/Vietnam,,,Local,http://www.ssc.gov.vn/ubck/faces/en/enmenu/enpages_home;jsessionid=2QhGcY2RLQs1GpddpHW8nF5LsNKDLpdWzZFlLGY8gLQ83CDyLKsR!-218154759!1051019581?_afrLoop=43615297559312902&_afrWindowMode=0&_afrWindowId=19396#%40%3F_afrWindowId%3D19396%26_afrLoop%3D43615297559312902%26_afrWindowMode%3D0%26_adf.ctrl-state%3D2wrlv7mra_4,Scrapper Not Available,,
409,VIETNAM - VNMPS-TERR - Ministry of Public Security of Vietnam - Terrorism List,https://www.interpol.int/Member-countries/Asia-South-Pacific/Vietnam,,,Local,http://www.ssc.gov.vn/ubck/faces/en/enmenu/enpages_home;jsessionid=2QhGcY2RLQs1GpddpHW8nF5LsNKDLpdWzZFlLGY8gLQ83CDyLKsR!-218154759!1051019581?_afrLoop=43615297559312902&_afrWindowMode=0&_afrWindowId=19396#%40%3F_afrWindowId%3D19396%26_afrLoop%3D43615297559312902%26_afrWindowMode%3D0%26_adf.ctrl-state%3D2wrlv7mra_4,Scrapper Not Available,,