"#ุขุฒุงุฏ_ูุงุฑฺ_ุณููู_ุฑุงุฌ https://t.co/RMuncyPX7z",FALSE,2,NA,2019-10-27 16:13:30,FALSE,NA,"1188488905865207808",NA,"<a href=\"http://twitter.com/download/android\" rel=\"nofollow\">Twitter for Android</a>","MAbidAOfficial",1,FALSE,FALSE,NA,NA
"ุข ุชุฌฺพ ฺฉู ูฺบ ฺฏููุงู ูฺฉฺพูฺบ
ูพฺพุฑ ฺฺพููฺฺพ ฺฉ ุชุฌฺพ ุ ู ูุงู ูฺฉฺพูฺบ

 ุชุฌฺพ ูพฺพูู ฺฉ ุจฺพูนฺฉุช ุฎูุดุจู ูฺฉฺพูฺบ
 ุชุฌฺพ ุฑูฺฏ ูฺฉฺพูฺบ ุ ุฑูฺฏโฆ https://t.co/M5MPKrtGjH",FALSE,3,NA,2019-10-27 16:12:04,TRUE,NA,"1188488543158571008",NA,"<a href=\"http://twitter.com/download/android\" rel=\"nofollow\">Twitter for Android</a>","MAbidAOfficial",0,FALSE,FALSE,NA,NA
"RT @SamiSwati_: ุฌู ฺฉ ุฏฺพฺฺฉูฺบ ุนูุงู ฺฉูุฆ ุฏฺพฺฺฉุช ูฺบ ุ 
ุนูุงู ุจฺพ ุงู ูพุฑ ูุญุจุชฺบ ูฺฺพุงูุฑ ฺฉุฑุช ฺบ 
ุงูุฑ  ูุงุฒูุงู ูุญุจุช ฺฉูุงุช  
ุขุฒุงุฏ ฺฉุงุฑูุงูโฆ",FALSE,0,NA,2019-10-27 15:47:54,FALSE,NA,"1188482460482506753",NA,"<a href=\"http://twitter.com/download/android\" rel=\"nofollow\">Twitter for Android</a>","MAbidAOfficial",191,TRUE,FALSE,NA,NA
"RT @MoulanaOfficial: ุขุฌ ฺฉุง ุฏู ูพูุฑ ููู ู ฺฉุดูุฑูฺบ ุณ ฺฉุฌุช ฺฉ ุทูุฑ ูพุฑ ููุงุง
ูฺบ ุงู ฺฉุดูุฑ ฺฉู ูพุบุงู ุฏุชุง ูฺบ ฺฉ ูพุงฺฉุณุชุงู ฺฉุง ุจฺ ุจฺ ุขูพ ฺฉ ุดุงโฆ",FALSE,0,NA,2019-10-27 15:06:00,FALSE,NA,"1188471915603734533",NA,"<a href=\"http://twitter.com/download/android\" rel=\"nofollow\">Twitter for Android</a>","MAbidAOfficial",1043,TRUE,FALSE,NA,NA
"RT @NaseemA58615342: ูุงุฆุฏ ุณูุฏฺพ ฺฉุง ูพ ูน ุขุฆ ูุงููฺบ ฺฉ ู ุงู ูพุบุงู https://t.co/baiEEKr1hx",FALSE,0,NA,2019-10-27 14:32:44,FALSE,NA,"1188463544754417664",NA,"<a href=\"http://twitter.com/download/android\" rel=\"nofollow\">Twitter for Android</a>","MAbidAOfficial",74,TRUE,FALSE,NA,NA
"RT @SamiSwati_: ฺพุงูุง :::: ุขุฒุงุฏ ูุงุฑฺ ฺฉุงุฑูุงฺบ ุณ ูุงุฆุฏ ููุช ุงุณูุงู ุญุถุฑุช ูููุงูุง ูุถู ุงูุฑุญูู ฺฉ ูุงูู  ฺฉุง ุดุฑ ุดุฑ ูพุฑุชูพุงฺฉ ุงุณุชูุจุงู 
ุณูุงู ูุงุฏ ูุฑุงูโฆ",FALSE,0,NA,2019-10-27 14:28:22,FALSE,NA,"1188462447977517056",NA,"<a href=\"http://twitter.com/download/android\" rel=\"nofollow\">Twitter for Android</a>","MAbidAOfficial",350,TRUE,FALSE,NA,NA
"RT @JUIAnswersBack: ููนุงุฑ ูฺบ ูุงูู ฺฉุง ุดุงูุฏุงุฑ ุงุณุชูุจุงู https://t.co/9aVvjtlK09",FALSE,0,NA,2019-10-27 14:27:16,FALSE,NA,"1188462167986769920",NA,"<a href=\"http://twitter.com/download/android\" rel=\"nofollow\">Twitter for Android</a>","MAbidAOfficial",60,TRUE,FALSE,NA,NA
"RT @MoulanaOfficial: ุญุฏุฑ ุขุจุงุฏ ูฺบ ุดุงูุฏุงุฑ ุงุณุชูุจุงู
#AzadiMarch27October https://t.co/nPrEaCY2HS",FALSE,0,NA,2019-10-27 14:22:40,FALSE,NA,"1188461010304356354",NA,"<a href=\"http://twitter.com/download/android\" rel=\"nofollow\">Twitter for Android</a>","MAbidAOfficial",1525,TRUE,FALSE,NA,NA
"RT @MoulanaOfficial: ุจุงุจ ุงูุงุณูุงู ุณูุฏฺพ ฺฉ ุนูุงู ุงูุฑ ุณุงุณ ูุงุฏุช ฺฉ ูุญุจุชูฺบ ฺฉ ูุดฺฉูุฑ ฺบ ุ ููู ฺฉุฌุช ุณ ฺฉ ุขูุงุฒ ูฺฉุฑ ุงุณูุงู ุขุจุงุฏ ฺฉ ุฌุงูุจ ุฑูุงูโฆ",FALSE,0,NA,2019-10-27 14:22:08,FALSE,NA,"1188460876648669185",NA,"<a href=\"http://twitter.com/download/android\" rel=\"nofollow\">Twitter for Android</a>","MAbidAOfficial",1084,TRUE,FALSE,NA,NA
"@MoulanaOfficial ูุงุดุงุกุงูู ุงูู ฺฉุฑู ุณูุงูุช ุฑฺฉฺพ",FALSE,5,"MoulanaOfficial",2019-10-27 13:15:51,FALSE,"1188443905802588160","1188444196983791616","907889245","<a href=\"http://twitter.com/download/android\" rel=\"nofollow\">Twitter for Android</a>","MAbidAOfficial",0,FALSE,FALSE,NA,NA
"#AzadiMarch27October https://t.co/WZLx855Cln",FALSE,2,NA,2019-10-27 12:08:16,FALSE,NA,"1188427189563383809",NA,"<a href=\"http://twitter.com/download/android\" rel=\"nofollow\">Twitter for Android</a>","MAbidAOfficial",5,FALSE,FALSE,NA,NA
"ุญุงูุธ ุญูุฏ ุงูู ุตุงุญุจ ุณ ุงุจฺพ ุฑุงุจุท ูุง ุดุฑุช ุจุญุงู ูู ูุงู ุจุงุช ุฌฺพููน  
ููฐุฐุง  ุณุงุชฺพ ุงุณ ูุณู ฺฉ ุฌฺพููน ุงููุง ฺฉ ุจุฌุงโฆ https://t.co/smpgZ8bHld",FALSE,4,NA,2019-10-27 11:29:20,TRUE,NA,"1188417392520695809",NA,"<a href=\"http://twitter.com/download/android\" rel=\"nofollow\">Twitter for Android</a>","MAbidAOfficial",0,FALSE,FALSE,NA,NA
"RT @MAbidAOfficial: ๐นุดฺฉุฑ ฺฉุฑุงฺ ๐น
ุขุฒุงุฏ ูุงุฑฺ ฺฉุง ุจุงูุงุนุฏ ุขุบุงุฒ ูฺฺฉุง 
#AzadiMarch27October https://t.co/caZVFyJJeY",FALSE,0,NA,2019-10-27 10:29:34,FALSE,NA,"1188402351826190336",NA,"<a href=\"http://twitter.com/download/android\" rel=\"nofollow\">Twitter for Android</a>","SaeedAh84838989",1,TRUE,FALSE,NA,NA
" ุตุฑู ูุฑุฏุงู ฺฉุง ุฌููุณ  
#AzadiMarch27October https://t.co/CTc9iJt5OB",FALSE,5,NA,2019-10-27 10:21:46,FALSE,NA,"1188400389600743425",NA,"<a href=\"http://twitter.com/download/android\" rel=\"nofollow\">Twitter for Android</a>","MAbidAOfficial",0,FALSE,FALSE,NA,NA
"RT @MoulanaOfficial: ูพูุฑ ููฺฉ ุณ ูุงูู ุฑูุงู ูุฑ ฺบ
31 ุงฺฉุชูุจุฑ ฺฉู ุงูุดุงุกุงูู ุงุณูุงู ุงุจุงุฏ ูฺบ ุฏุงุฎู ููฺฏ ุ 
ุนูุฑุงู ุฎุงู ฺฉู ุงุณุชุนู ุฏูุง ูพฺ ฺฏุงโฆ",FALSE,0,NA,2019-10-27 10:19:15,FALSE,NA,"1188399755476516870",NA,"<a href=\"http://twitter.com/download/android\" rel=\"nofollow\">Twitter for Android</a>","MAbidAOfficial",1775,TRUE,FALSE,NA,NA
"RT @MuftiShakoor: ุดฺฉุฑ ุงูุงูู ฺฉุฑุงฺ 

#AzadiMarch27October 
#AzadiMarch4Kashmir https://t.co/qoQMa9CHE3",FALSE,0,NA,2019-10-27 09:44:42,FALSE,NA,"1188391058176131072",NA,"<a href=\"http://twitter.com/download/android\" rel=\"nofollow\">Twitter for Android</a>","MAbidAOfficial",60,TRUE,FALSE,NA,NA
"RT @MoulanaOfficial: ููุฌูุฏ ุญฺฉูุฑุงููฺบ ฺฉ ูุตูุญุช ฺฉ ุชุญุช ฺฉุดูุฑ ฺฉุง ุณูุฏุง ูุง
ู ูพุงฺฉุณุชุงู ฺฉ ููุฌูุฏ ุญฺฉูุฑุงู ฺฉ ฺฉุดูุฑ ุณ ูุชุนูู ุฎู ูุนุงุฏุงุช ุงูุฑ ฺฉุดูุฑโฆ",FALSE,0,NA,2019-10-27 09:40:38,FALSE,NA,"1188390037207040000",NA,"<a href=\"http://twitter.com/download/android\" rel=\"nofollow\">Twitter for Android</a>","MAbidAOfficial",940,TRUE,FALSE,NA,NA
"RT @sarawkum: ููุฌูุฏ ุญฺฉูุฑุงููฺบ ฺฉ ูุตูุญุช ฺฉ ุชุญุช ฺฉุดูุฑ ฺฉุง ุณูุฏุง ูุง
ู ูพุงฺฉุณุชุงู ฺฉ ููุฌูุฏ ุญฺฉูุฑุงู ฺฉ ฺฉุดูุฑ ุณ ูุชุนูู ุฎู ูุนุงุฏุงุช ุงูุฑ ฺฉุดูุฑ ุณ ูุชุนโฆ",FALSE,0,NA,2019-10-27 09:40:16,FALSE,NA,"1188389944932339712",NA,"<a href=\"http://twitter.com/download/android\" rel=\"nofollow\">Twitter for Android</a>","MAbidAOfficial",12,TRUE,FALSE,NA,NA
"RT @MoulanaOfficial: ุดฺฉุฑ ุงู ฺฉุฑุงฺ
 #AzadiMarch27October https://t.co/Qt7NNFHEBu",FALSE,0,NA,2019-10-27 09:38:36,FALSE,NA,"1188389524927406080",NA,"<a href=\"http://twitter.com/download/android\" rel=\"nofollow\">Twitter for Android</a>","MAbidAOfficial",2724,TRUE,FALSE,NA,NA
"๐นุดฺฉุฑ ฺฉุฑุงฺ ๐น
ุขุฒุงุฏ ูุงุฑฺ ฺฉุง ุจุงูุงุนุฏ ุขุบุงุฒ ูฺฺฉุง 
#AzadiMarch27October https://t.co/caZVFyJJeY",FALSE,5,NA,2019-10-27 09:37:26,FALSE,NA,"1188389230432706567",NA,"<a href=\"http://twitter.com/download/android\" rel=\"nofollow\">Twitter for Android</a>","MAbidAOfficial",1,FALSE,FALSE,NA,NA
"RT @MoulanaOfficial: ฺฉุฑุงฺ ุณุฑุงุจ ฺฏููนฺพ : ุขุฒุงุฏ ูุงุฑฺ ฺฉุง ุจุงูุงุนุฏ ุขุบุงุฒ
#AzadiMarch27October https://t.co/FdW4FJBHza",FALSE,0,NA,2019-10-27 09:36:26,FALSE,NA,"1188388979462328320",NA,"<a href=\"http://twitter.com/download/android\" rel=\"nofollow\">Twitter for Android</a>","MAbidAOfficial",1902,TRUE,FALSE,NA,NA
"RT @MAbidAOfficial: ูุงุฆุฏ ุฌูุนุช ูููุงูุง ูุถู ุงูุฑุญูุงู ุตุงุญุจ ุขุฒุงุฏ ูุงุฑฺ ูฺบ ุดุฑฺฉุช ฺฉูุฆ ุฑูุงู
#AzadiMarch27October https://t.co/tJI7BI57W2",FALSE,0,NA,2019-10-27 08:08:41,FALSE,NA,"1188366896737013760",NA,"<a href=\"https://mobile.twitter.com\" rel=\"nofollow\">Twitter Web App</a>","IrfanMazariPAK",2,TRUE,FALSE,NA,NA
"ูุงุฆุฏ ุฌูุนุช ูููุงูุง ูุถู ุงูุฑุญูุงู ุตุงุญุจ ุขุฒุงุฏ ูุงุฑฺ ูฺบ ุดุฑฺฉุช ฺฉูุฆ ุฑูุงู
#AzadiMarch27October https://t.co/tJI7BI57W2",FALSE,3,NA,2019-10-27 08:05:50,FALSE,NA,"1188366180622503936",NA,"<a href=\"http://twitter.com/download/android\" rel=\"nofollow\">Twitter for Android</a>","MAbidAOfficial",2,FALSE,FALSE,NA,NA
"RT @juipakofficial: https://t.co/2VwJ7GzmiU",FALSE,0,NA,2019-10-27 07:48:46,FALSE,NA,"1188361884472369153",NA,"<a href=\"http://twitter.com/download/android\" rel=\"nofollow\">Twitter for Android</a>","MAbidAOfficial",563,TRUE,FALSE,NA,NA
"ุฌ ู ุขุฆ ฺฉ ุฑููุง ููุช ฺฉูุงุช ุงูู ฺฏุฑูุชุงุฑฺูพูน ฺฉูุดูุฑ ูุงูุณุฑ ฺฉุง ุงฺฉ ูุง ุชฺฉ ุฑ ูพูุฑ ุฌู ูฺบ ุจูุฏ ุฑฺฉฺพู ฺฉุง ุญฺฉูโฆ https://t.co/y9D5UOwCg2",FALSE,1,NA,2019-10-27 07:47:16,TRUE,NA,"1188361504569081856",NA,"<a href=\"http://twitter.com/download/android\" rel=\"nofollow\">Twitter for Android</a>","MAbidAOfficial",0,FALSE,FALSE,NA,NA
"RT @MAbidAOfficial: ุขุฒุงุฏ ูุงุฑฺ ฺฉุง ุขุบุงุฒ ฺฉุฑุงฺ ุณ ูฺฺฉุง  ุงุจ  ูุงุฑฺ ูุงุฒ ุญฺฉููุช ฺฉ ุฎุงุชู ูพุฑ ุงุฎุชุชุงู ูพุฐุฑ ูฺฏุง
#AzadiMarch27October https://tโฆ",FALSE,0,NA,2019-10-27 07:20:56,FALSE,NA,"1188354879795945472",NA,"<a href=\"http://twitter.com/download/android\" rel=\"nofollow\">Twitter for Android</a>","Nadeemaftab39",3,TRUE,FALSE,NA,NA
"@MAbidAOfficial Hahahahahahaha halwaaaaaa",FALSE,0,"MAbidAOfficial",2019-10-27 06:51:32,FALSE,"1188346085527445504","1188347479349182464","789157911717117952","<a href=\"http://twitter.com/download/android\" rel=\"nofollow\">Twitter for Android</a>","Zahid68078521",0,FALSE,FALSE,NA,NA
"RT @MAbidAOfficial: ุขุฒุงุฏ ูุงุฑฺ ฺฉุง ุขุบุงุฒ ฺฉุฑุงฺ ุณ ูฺฺฉุง  ุงุจ  ูุงุฑฺ ูุงุฒ ุญฺฉููุช ฺฉ ุฎุงุชู ูพุฑ ุงุฎุชุชุงู ูพุฐุฑ ูฺฏุง
#AzadiMarch27October https://tโฆ",FALSE,0,NA,2019-10-27 06:49:44,FALSE,NA,"1188347028541263872",NA,"<a href=\"http://twitter.com/download/android\" rel=\"nofollow\">Twitter for Android</a>","Ziaudin99280737",3,TRUE,FALSE,NA,NA
"RT @MAbidAOfficial: ุขุฒุงุฏ ูุงุฑฺ ฺฉุง ุขุบุงุฒ ฺฉุฑุงฺ ุณ ูฺฺฉุง  ุงุจ  ูุงุฑฺ ูุงุฒ ุญฺฉููุช ฺฉ ุฎุงุชู ูพุฑ ุงุฎุชุชุงู ูพุฐุฑ ูฺฏุง
#AzadiMarch27October https://tโฆ",FALSE,0,NA,2019-10-27 06:49:02,FALSE,NA,"1188346851063455749",NA,"<a href=\"http://twitter.com/download/android\" rel=\"nofollow\">Twitter for Android</a>","UmmatiAsif",3,TRUE,FALSE,NA,NA
"ุขุฒุงุฏ ูุงุฑฺ ฺฉุง ุขุบุงุฒ ฺฉุฑุงฺ ุณ ูฺฺฉุง  ุงุจ  ูุงุฑฺ ูุงุฒ ุญฺฉููุช ฺฉ ุฎุงุชู ูพุฑ ุงุฎุชุชุงู ูพุฐุฑ ูฺฏุง
#AzadiMarch27October https://t.co/EC2a6dxvJV",FALSE,5,NA,2019-10-27 06:45:59,FALSE,NA,"1188346085527445504",NA,"<a href=\"http://twitter.com/download/android\" rel=\"nofollow\">Twitter for Android</a>","MAbidAOfficial",3,FALSE,FALSE,NA,NA
"RT @juipakofficial: ฺฉุงุฑูุงู ุขุฒุงุฏ ูุงุฑฺ ุณ ุจุฑุง ุฑุงุณุช https://t.co/JmA1NXOYGE",FALSE,0,NA,2019-10-27 06:26:43,FALSE,NA,"1188341235754455040",NA,"<a href=\"http://twitter.com/download/android\" rel=\"nofollow\">Twitter for Android</a>","MAbidAOfficial",539,TRUE,FALSE,NA,NA
"@AamirLiaquat ุฌฺพููน  ",FALSE,0,"AamirLiaquat",2019-10-27 06:23:40,FALSE,"1188186014189342724","1188340467622125573","2177139587","<a href=\"http://twitter.com/download/android\" rel=\"nofollow\">Twitter for Android</a>","MAbidAOfficial",0,FALSE,FALSE,NA,NA
"@AamirLiaquat https://t.co/Vy77ffIzjw",FALSE,2,"AamirLiaquat",2019-10-27 06:23:38,FALSE,"1188186014189342724","1188340459816521728","2177139587","<a href=\"http://twitter.com/download/android\" rel=\"nofollow\">Twitter for Android</a>","MAbidAOfficial",0,FALSE,FALSE,NA,NA
"@MAbidAOfficial @MoulanaOfficial @SoomroOfficial Mashallah",FALSE,1,"MAbidAOfficial",2019-10-27 04:22:00,FALSE,"1187910600367706117","1188309851497287680","789157911717117952","<a href=\"http://twitter.com/download/android\" rel=\"nofollow\">Twitter for Android</a>","MoosaKhanBaloc3",0,FALSE,FALSE,NA,NA
"RT @MAbidAOfficial: ุงููฺฉฺพุง ุบุฑ ููฺฉ ุฌุณ ฺฉุง ุจุงูพ ุฑุงุณุช ฺฉ ุงุณฺฉูู ุงุณุชุงุฏ ุงูุฑ ุจูนุง ูพุงฺฉ ุขุฑู ูฺบ ูููนูููน 

ุฏูู ู ุจุฑุงู ฺฉ ุชููุฑ ุจฺฺพุงู ูุงู 
ุฌุจุงโฆ",FALSE,0,NA,2019-10-27 02:07:59,FALSE,NA,"1188276122670239744",NA,"<a href=\"http://twitter.com/download/android\" rel=\"nofollow\">Twitter for Android</a>","newaccountno1",3,TRUE,FALSE,NA,NA
"ููุงูุช ู ุณฺฉฺพุง ุฌุจุฑ ูุง ุฑุงูุง ุณ ูุฌฺพ
ูฺบ ุณุฑุจฺฉู ูฺบ ูฺุง ฺฉุณ ุจูุง ุณ ูุฌฺพ

#ูฺบ_ุจฺพ_ููุช_ฺฉูุงุช_ูฺบ",FALSE,11,NA,2019-10-27 01:24:02,FALSE,NA,"1188265061011329024",NA,"<a href=\"http://twitter.com/download/android\" rel=\"nofollow\">Twitter for Android</a>","MAbidAOfficial",10,FALSE,FALSE,NA,NA
"RT @Pashton_Time: ูุช ุงุชูุงุฑ ุชู ฺฺพูน  ูพฺพุฑ ูุงุฏุฑุง ฺฉ ุฏูุชุฑ ุณ ูููนูฺฉุดู ฺฉุณ ุฌุงุฑ ูุงุุุุ ุญุงูุธ ุญูุฏ ุงูู.
#ูฺบ_ุจฺพ_ุงูุบุงู_ูฺบ 
@Aliwazirna50 @โฆ",FALSE,0,NA,2019-10-26 16:38:50,FALSE,NA,"1188132890078535685",NA,"<a href=\"http://twitter.com/download/android\" rel=\"nofollow\">Twitter for Android</a>","SahilOrakzai3",1,TRUE,FALSE,NA,NA
"ูุช ุงุชูุงุฑ ุชู ฺฺพูน  ูพฺพุฑ ูุงุฏุฑุง ฺฉ ุฏูุชุฑ ุณ ูููนูฺฉุดู ฺฉุณ ุฌุงุฑ ูุงุุุุ ุญุงูุธ ุญูุฏ ุงูู.
#ูฺบ_ุจฺพ_ุงูุบุงู_ูฺบโฆ https://t.co/HZEy5cM71j",FALSE,3,NA,2019-10-26 16:34:30,TRUE,NA,"1188131801707012097",NA,"<a href=\"http://twitter.com/download/android\" rel=\"nofollow\">Twitter for Android</a>","mohsindawarfan",1,FALSE,FALSE,NA,NA
"@MAbidAOfficial @SaleemKhanSafi @HafizHamdullah_ ูุงุดุงถุงูู",FALSE,1,"MAbidAOfficial",2019-10-26 15:32:51,FALSE,"1188114291905445888","1188116286481432578","789157911717117952","<a href=\"http://twitter.com/download/android\" rel=\"nofollow\">Twitter for Android</a>","muhamma63583801",0,FALSE,FALSE,NA,NA
"RT @MAbidAOfficial: ูพุงฺฉ  ุขุฑู ูฺบ ุณฺฉูฺ ูููนูููน ุดุจุฑ ุงุญูุฏ ุงูุบุงู ุจู ุญุงูุธ ุญูุฏุงูู ุงูุบุงู ฺฉุง ุงฺฉ ุฎูุจุตูุฑุช ุงูุฏุงุฒ
#HafizHamdullah
#WeStandWithHโฆ",FALSE,0,NA,2019-10-26 15:30:41,FALSE,NA,"1188115742035759110",NA,"<a href=\"http://twitter.com/download/android\" rel=\"nofollow\">Twitter for Android</a>","Aijazah97070377",5,TRUE,FALSE,NA,NA
"RT @MAbidAOfficial: ูพุงฺฉ  ุขุฑู ูฺบ ุณฺฉูฺ ูููนูููน ุดุจุฑ ุงุญูุฏ ุงูุบุงู ุจู ุญุงูุธ ุญูุฏุงูู ุงูุบุงู ฺฉุง ุงฺฉ ุฎูุจุตูุฑุช ุงูุฏุงุฒ
#HafizHamdullah
#WeStandWithHโฆ",FALSE,0,NA,2019-10-26 15:28:44,FALSE,NA,"1188115252204003329",NA,"<a href=\"http://twitter.com/download/android\" rel=\"nofollow\">Twitter for Android</a>","Jameat786",5,TRUE,FALSE,NA,NA
"RT @MAbidAOfficial: ูพุงฺฉ  ุขุฑู ูฺบ ุณฺฉูฺ ูููนูููน ุดุจุฑ ุงุญูุฏ ุงูุบุงู ุจู ุญุงูุธ ุญูุฏุงูู ุงูุบุงู ฺฉุง ุงฺฉ ุฎูุจุตูุฑุช ุงูุฏุงุฒ
#HafizHamdullah
#WeStandWithHโฆ",FALSE,0,NA,2019-10-26 15:27:00,FALSE,NA,"1188114814062735361",NA,"<a href=\"http://twitter.com/download/android\" rel=\"nofollow\">Twitter for Android</a>","SaeedAh84838989",5,TRUE,FALSE,NA,NA
"RT @MAbidAOfficial: ูพุงฺฉ  ุขุฑู ูฺบ ุณฺฉูฺ ูููนูููน ุดุจุฑ ุงุญูุฏ ุงูุบุงู ุจู ุญุงูุธ ุญูุฏุงูู ุงูุบุงู ฺฉุง ุงฺฉ ุฎูุจุตูุฑุช ุงูุฏุงุฒ
#HafizHamdullah
#WeStandWithHโฆ",FALSE,0,NA,2019-10-26 15:26:40,FALSE,NA,"1188114731971821572",NA,"<a href=\"http://twitter.com/download/android\" rel=\"nofollow\">Twitter for Android</a>","AdnanMsd4",5,TRUE,FALSE,NA,NA
"ูพุงฺฉ  ุขุฑู ูฺบ ุณฺฉูฺ ูููนูููน ุดุจุฑ ุงุญูุฏ ุงูุบุงู ุจู ุญุงูุธ ุญูุฏุงูู ุงูุบุงู ฺฉุง ุงฺฉ ุฎูุจุตูุฑุช ุงูุฏุงุฒ
#HafizHamdullahโฆ https://t.co/J0SjQUAtD3",FALSE,9,NA,2019-10-26 15:24:55,TRUE,NA,"1188114291905445888",NA,"<a href=\"http://twitter.com/download/android\" rel=\"nofollow\">Twitter for Android</a>","MAbidAOfficial",5,FALSE,FALSE,NA,NA
"RT @SamiSwati_: ุณุงุชฺพ ูนูุฆูนุฑ ูพุฑ ุขุฆฺบ
 ุฏู ุงูฺฏ ุงูฺฏ ฺพุด ูนฺฏ  ฺบ ๐
#WeStandWithHafizHamdullah
#HafizHamdullah https://t.co/UuSclcXPtT",FALSE,0,NA,2019-10-26 14:37:10,FALSE,NA,"1188102272603082752",NA,"<a href=\"http://twitter.com/download/android\" rel=\"nofollow\">Twitter for Android</a>","MAbidAOfficial",281,TRUE,FALSE,NA,NA
"RT @M_S_Sulemani: ุงฺฏุฑ ุญุงูุธ ุญูุฏุงูู ู ูพุงฺฉุณุชุงู ูฺบ  ุชู ูพฺพุฑ ฺฉูู ูพุงฺฉุณุชุงู  ุ

ุงูุฑุง ููุจูู ุฌุงู

#hafizhamdullah
#WeStandWithHafizHamdullaโฆ",FALSE,0,NA,2019-10-26 13:39:45,FALSE,NA,"1188087826019164160",NA,"<a href=\"http://twitter.com/download/android\" rel=\"nofollow\">Twitter for Android</a>","MAbidAOfficial",218,TRUE,FALSE,NA,NA
"RT @MAbidAOfficial: ุงููฺฉฺพุง ุบุฑ ููฺฉ ุฌุณ ฺฉุง ุจุงูพ ุฑุงุณุช ฺฉ ุงุณฺฉูู ุงุณุชุงุฏ ุงูุฑ ุจูนุง ูพุงฺฉ ุขุฑู ูฺบ ูููนูููน 

ุฏูู ู ุจุฑุงู ฺฉ ุชููุฑ ุจฺฺพุงู ูุงู 
ุฌุจุงโฆ",FALSE,0,NA,2019-10-26 13:35:18,FALSE,NA,"1188086702042243073",NA,"<a href=\"https://mobile.twitter.com\" rel=\"nofollow\">Twitter Web App</a>","sheikhsaleem786",3,TRUE,FALSE,NA,NA
"RT @MAbidAOfficial: ุงููฺฉฺพุง ุบุฑ ููฺฉ ุฌุณ ฺฉุง ุจุงูพ ุฑุงุณุช ฺฉ ุงุณฺฉูู ุงุณุชุงุฏ ุงูุฑ ุจูนุง ูพุงฺฉ ุขุฑู ูฺบ ูููนูููน 

ุฏูู ู ุจุฑุงู ฺฉ ุชููุฑ ุจฺฺพุงู ูุงู 
ุฌุจุงโฆ",FALSE,0,NA,2019-10-26 13:34:05,FALSE,NA,"1188086399448371200",NA,"<a href=\"https://mobile.twitter.com\" rel=\"nofollow\">Twitter Web App</a>","mbhawk_",3,TRUE,FALSE,NA,NA
"ุงููฺฉฺพุง ุบุฑ ููฺฉ ุฌุณ ฺฉุง ุจุงูพ ุฑุงุณุช ฺฉ ุงุณฺฉูู ุงุณุชุงุฏ ุงูุฑ ุจูนุง ูพุงฺฉ ุขุฑู ูฺบ ูููนูููน 

ุฏูู ู ุจุฑุงู ฺฉ ุชููุฑ ุจฺฺพุงู ูุงูโฆ https://t.co/6YE0xyEbFU",FALSE,5,NA,2019-10-26 13:05:21,TRUE,NA,"1188079166840852480",NA,"<a href=\"http://twitter.com/download/android\" rel=\"nofollow\">Twitter for Android</a>","MAbidAOfficial",3,FALSE,FALSE,NA,NA
"#hafizhamdullah @HafizHamdullah_ @SaleemKhanSafi https://t.co/FGRVu8T8Ix",FALSE,1,NA,2019-10-26 13:00:50,FALSE,NA,"1188078028250857478",NA,"<a href=\"http://twitter.com/download/android\" rel=\"nofollow\">Twitter for Android</a>","MAbidAOfficial",0,FALSE,FALSE,NA,NA
"RT @MAbidAOfficial: 70 ฺฉ ุฏฺพุงุฆ ูฺบ ุณุฑฺฉุงุฑ ุณฺฉูู ฺฉ ูนฺุฑ ฺฉ ุญุซุช ูฺบ ุฑูนุงุฆุฑูููน ูู ูุงู ูุงุฑ ูู ูุญูุฏ ฺฉ ุจูน ุงูุฑ ุณฺฉูฺ ูููนูููน ุดุจุฑ ุงุญูุฏโฆ",FALSE,0,NA,2019-10-26 12:58:08,FALSE,NA,"1188077348765208577",NA,"<a href=\"http://twitter.com/download/android\" rel=\"nofollow\">Twitter for Android</a>","Molvisays",1,TRUE,FALSE,NA,NA
"70 ฺฉ ุฏฺพุงุฆ ูฺบ ุณุฑฺฉุงุฑ ุณฺฉูู ฺฉ ูนฺุฑ ฺฉ ุญุซุช ูฺบ ุฑูนุงุฆุฑูููน ูู ูุงู ูุงุฑ ูู ูุญูุฏ ฺฉ ุจูน ุงูุฑ ุณฺฉูฺ ูููนูููน ุดุจุฑโฆ https://t.co/nxYAlCg0NO",FALSE,4,NA,2019-10-26 12:57:16,TRUE,NA,"1188077132087529472",NA,"<a href=\"http://twitter.com/download/android\" rel=\"nofollow\">Twitter for Android</a>","MAbidAOfficial",1,FALSE,FALSE,NA,NA
"ุฏ ูพุงฺฉุณุชุงู ุฑูุงุณุช ูู ุฎูุง ุฏ ุฌูุนูุช ุนููุง๏บ ุงุณูุงู ูุฑฺฉุฒ ุบฺ ุญุงูุธ ุญูุฏุงููู ุดูุฑูุช ุฎุชู ฺฉฺ ุดู.
ูุงุฆ ฺ ุญุงูุธ ุญูุฏุงููู ุงูุบุงู ุฏ.โฆ https://t.co/DvfnkqRwxq",FALSE,4,NA,2019-10-26 12:10:13,TRUE,NA,"1188065293932912641",NA,"<a href=\"http://twitter.com/download/android\" rel=\"nofollow\">Twitter for Android</a>","mohsindawarfan",0,FALSE,FALSE,NA,NA
"@MAbidAOfficial Hello Abid, how's your day is going? Do you need any assistance here from us? :)",FALSE,1,"MAbidAOfficial",2019-10-26 08:25:06,FALSE,"1187964899449696257","1188008641066086401","789157911717117952","<a href=\"http://www.conversocial.com\" rel=\"nofollow\">Conversocial</a>","telenorpakistan",0,FALSE,FALSE,NA,NA
"@MoulanaOfficial @SajjadKtK18 ๐นุขูู ฺฉุฑู ุณูุงูุช ุฑฺฉฺพ ๐น",FALSE,1,"MoulanaOfficial",2019-10-26 07:26:46,FALSE,"1187835424850530304","1187993961690030082","907889245","<a href=\"http://twitter.com/download/android\" rel=\"nofollow\">Twitter for Android</a>","MAbidAOfficial",0,FALSE,FALSE,NA,NA
