,Name,Country,Type_B&F,Mat_B&F,Inns_B&F,NO_B&F,Runs_B&F,HS_B&F,Ave_B&F,BF_B&F,SR_B&F,100_B&F,50_B&F,4s_B&F,6s_B&F,Ct_B&F,St_B&F,Mat_Bowl,Inns_Bowl,Balls_Bowl,Runs_Bowl,Wkts_Bowl,BBI_Bowl,BBM_Bowl,Ave_Bowl,Econ_Bowl,SR_Bowl,4w_Bowl,5w_Bowl,10_Bowl
0,Noor Ali Zadran RSS Feed,afghanistan,ODIs,51,50,1,1216,114,24.81,1923,63.23,1,7,132,4,15,0,51,-,-,-,-,-,-,-,-,-,-,-,-
0,Zahir Khan RSS Feed,afghanistan,ODIs,1,-,-,-,-,-,-,-,-,-,-,-,0,0,1,1,60,55,2,2/55,2/55,27.5,5.5,30.0,0,0,0
1,Ikram Alikhil RSS Feed,afghanistan,ODIs,9,9,3,148,86,24.66,259,57.14,0,1,10,0,2,3,9,-,-,-,-,-,-,-,-,-,-,-,-
1,Mohammad Nabi RSS Feed,afghanistan,ODIs,121,109,11,2699,116,27.54,3134,86.11,1,14,166,87,55,0,121,117,5739,4103,128,4/30,4/30,32.05,4.28,44.8,3,0,0
1,Javed Ahmadi RSS Feed,afghanistan,ODIs,42,39,0,971,81,24.89,1274,76.21,0,7,115,13,10,0,42,15,365,294,8,4/37,4/37,36.75,4.83,45.6,1,0,0
0,Najibullah Zadran RSS Feed,afghanistan,ODIs,64,59,9,1500,104*,30.0,1664,90.14,1,10,123,56,36,0,64,2,30,30,0,-,-,-,6.00,-,0,0,0
1,Asghar Afghan RSS Feed,afghanistan,ODIs,108,102,9,2232,101,24.0,3386,65.91,1,11,154,55,24,0,108,7,139,91,3,1/1,1/1,30.33,3.92,46.3,0,0,0
0,Hamid Hassan RSS Feed,afghanistan,ODIs,38,22,6,107,17,6.68,195,54.87,0,0,10,3,5,0,38,37,1734,1330,59,5/45,5/45,22.54,4.6,29.3,2,1,0
0,Aftab Alam RSS Feed,afghanistan,ODIs,27,17,10,80,16*,11.42,107,74.76,0,0,9,3,6,0,27,27,1257,1033,41,4/25,4/25,25.19,4.93,30.6,1,0,0
0,Samiullah Shinwari RSS Feed,afghanistan,ODIs,84,74,12,1811,96,29.2,2765,65.49,0,11,137,26,21,0,84,65,2111,1729,46,4/31,4/31,37.58,4.91,45.8,1,0,0
0,Gulbadin Naib RSS Feed,afghanistan,ODIs,64,55,8,1024,82*,21.78,1408,72.72,0,5,81,25,12,0,64,59,2164,1940,59,6/43,6/43,32.88,5.37,36.6,2,1,0
1,Hashmatullah Shahidi RSS Feed,afghanistan,ODIs,39,39,6,1062,97*,32.18,1667,63.7,0,9,90,3,9,0,39,2,18,25,0,-,-,-,8.33,-,0,0,0
0,Dawlat Zadran RSS Feed,afghanistan,ODIs,82,56,27,513,47*,17.68,664,77.25,0,0,40,21,16,0,82,80,3769,3423,115,4/22,4/22,29.76,5.44,32.7,3,0,0
1,Ihsanullah RSS Feed,afghanistan,ODIs,16,16,2,307,57*,21.92,440,69.77,0,3,38,6,10,0,16,-,-,-,-,-,-,-,-,-,-,-,-
1,Mujeeb Ur Rahman RSS Feed,afghanistan,ODIs,37,19,9,69,15,6.90,76,90.78,0,0,8,2,6,0,37,36,1973,1280,58,5/50,5/50,22.06,3.89,34.0,2,1,0
0,Sharafuddin Ashraf RSS Feed,afghanistan,ODIs,15,9,3,53,21,8.83,84,63.09,0,0,2,2,2,0,15,15,650,465,11,3/29,3/29,42.27,4.29,59.0,0,0,0
0,Hazratullah Zazai RSS Feed,afghanistan,ODIs,13,13,0,279,67,21.46,299,93.31,0,1,29,13,3,0,13,-,-,-,-,-,-,-,-,-,-,-,-
1,Yamin Ahmadzai RSS Feed,afghanistan,ODIs,3,2,1,3,3*,3.00,19,15.78,0,0,0,0,2,0,3,3,108,90,2,1/23,1/23,45.0,5.0,54.0,0,0,0
0,Sayed Shirzad RSS Feed,afghanistan,ODIs,2,1,0,25,25,25.0,17,147.05,0,0,2,2,0,0,2,1,48,56,1,1/56,1/56,56.0,7.0,48.0,0,0,0
0,Najeeb Tarakai RSS Feed,afghanistan,ODIs,1,1,0,5,5,5.0,18,27.77,0,0,0,0,0,0,1,-,-,-,-,-,-,-,-,-,-,-,-
0,Shafiqullah RSS Feed,afghanistan,ODIs,24,21,2,430,56,22.63,408,105.39,0,2,27,24,11,3,24,-,-,-,-,-,-,-,-,-,-,-,-
0,Usman Ghani RSS Feed,afghanistan,ODIs,15,15,0,411,118,27.4,520,79.03,1,2,37,10,3,0,15,2,38,34,1,1/21,1/21,34.00,5.36,38.0,0,0,0
1,Rashid Khan RSS Feed,afghanistan,ODIs,68,53,9,903,60*,20.52,892,101.23,0,4,81,28,21,0,68,64,3378,2333,131,7/18,7/18,17.8,4.14,25.7,4,4,0
0,Fareed Ahmad RSS Feed,afghanistan,ODIs,5,2,2,1,1*,-,6,16.66,0,0,0,0,2,0,5,4,150,143,5,3/65,3/65,28.6,5.72,30.0,0,0,0
1,Rahmat Shah RSS Feed,afghanistan,ODIs,70,66,2,2255,114,35.23,3215,70.13,4,15,195,24,19,0,70,26,524,504,14,5/32,5/32,36.00,5.77,37.4,0,1,0
0,Shapoor Zadran RSS Feed,afghanistan,ODIs,44,27,17,67,17,6.7,160,41.87,0,0,5,3,5,0,44,44,1983,1589,43,4/24,4/24,36.95,4.8,46.1,2,0,0
1,Mohammad Shahzad RSS Feed,afghanistan,ODIs,84,84,3,2727,131*,33.66,3082,88.48,6,14,323,55,64,25,84,-,-,-,-,-,-,-,-,-,-,-,-
0,Billy Stanlake RSS Feed,australia,ODIs,7,5,2,4,2,1.33,28,14.28,0,0,0,0,1,0,7,7,354,324,7,3/35,3/35,46.28,5.49,50.5,0,0,0
0,Jason Behrendorff RSS Feed,australia,ODIs,11,5,3,19,11*,9.50,15,126.66,0,0,0,0,3,0,11,11,591,517,16,5/44,5/44,32.31,5.24,36.9,0,1,0
1,Tim Paine RSS Feed,australia,ODIs,35,35,3,890,111,27.81,1257,70.8,1,5,96,6,51,4,35,-,-,-,-,-,-,-,-,-,-,-,-
0,Marcus Stoinis RSS Feed,australia,ODIs,41,38,7,1050,146*,33.87,1143,91.86,1,6,89,36,12,0,41,39,1414,1446,33,3/16,3/16,43.81,6.13,42.8,0,0,0
1,Usman Khawaja RSS Feed,australia,ODIs,40,39,2,1554,104,42.0,1848,84.09,2,12,150,13,13,0,40,-,-,-,-,-,-,-,-,-,-,-,-
0,Adam Zampa RSS Feed,australia,ODIs,48,20,5,100,22,6.66,159,62.89,0,0,6,1,10,0,48,48,2480,2363,65,4/43,4/43,36.35,5.71,38.1,1,0,0
1,Josh Hazlewood RSS Feed,australia,ODIs,44,13,11,37,11*,18.50,57,64.91,0,0,6,0,13,0,44,43,2294,1811,72,6/52,6/52,25.15,4.73,31.8,1,3,0
1,David Warner RSS Feed,australia,ODIs,116,114,5,4990,179,45.77,5222,95.55,17,20,520,78,53,0,116,1,6,8,0,-,-,-,8.00,-,0,0,0
1,Steven Smith RSS Feed,australia,ODIs,118,104,12,3810,164,41.41,4414,86.31,8,23,322,33,65,0,118,39,1070,963,28,3/16,3/16,34.39,5.4,38.2,0,0,0
0,Ashton Turner RSS Feed,australia,ODIs,3,3,1,125,84*,62.5,86,145.34,0,1,8,8,1,0,3,-,-,-,-,-,-,-,-,-,-,-,-
1,Mitchell Marsh RSS Feed,australia,ODIs,53,49,9,1428,102*,35.7,1534,93.08,1,11,120,37,25,0,53,50,1700,1564,44,5/33,5/33,35.54,5.52,38.6,1,1,0
1,Jhye Richardson RSS Feed,australia,ODIs,12,7,2,68,29,13.6,84,80.95,0,0,4,0,4,0,12,12,648,632,24,4/26,4/26,26.33,5.85,27.0,1,0,0
1,Pat Cummins RSS Feed,australia,ODIs,58,35,12,234,36,10.17,328,71.34,0,0,18,3,13,0,58,58,3033,2603,96,5/70,5/70,27.11,5.14,31.5,5,1,0
0,Kane Richardson RSS Feed,australia,ODIs,22,10,5,51,19,10.2,56,91.07,0,0,3,3,7,0,22,22,1143,1061,34,5/68,5/68,31.2,5.56,33.6,0,1,0
1,Mitchell Starc RSS Feed,australia,ODIs,85,46,18,348,52*,12.42,389,89.46,0,1,26,9,22,0,85,85,4315,3611,172,6/28,6/28,20.99,5.02,25.0,11,7,0
1,Nathan Lyon RSS Feed,australia,ODIs,29,14,10,77,30,19.25,83,92.77,0,0,7,2,7,0,29,29,1626,1334,29,4/44,4/44,46.0,4.92,56.0,1,0,0
1,Aaron Finch RSS Feed,australia,ODIs,119,115,2,4559,153*,40.34,5093,89.51,15,24,453,112,59,0,119,19,266,239,4,1/2,1/2,59.75,5.39,66.5,0,0,0
1,Joe Burns RSS Feed,australia,ODIs,6,6,0,146,69,24.33,184,79.34,0,1,16,1,2,0,6,-,-,-,-,-,-,-,-,-,-,-,-
0,Chris Lynn RSS Feed,australia,ODIs,4,4,0,75,44,18.75,89,84.26,0,0,5,3,3,0,4,-,-,-,-,-,-,-,-,-,-,-,-
0,Alex Carey RSS Feed,australia,ODIs,29,26,6,804,85,40.2,874,91.99,0,4,86,5,34,5,29,-,-,-,-,-,-,-,-,-,-,-,-
1,Peter Handscomb RSS Feed,australia,ODIs,22,20,1,632,117,33.26,649,97.38,1,4,46,6,14,0,22,-,-,-,-,-,-,-,-,-,-,-,-
0,D'Arcy Short RSS Feed,australia,ODIs,4,4,1,83,47*,27.66,99,83.83,0,0,7,1,1,0,4,3,42,59,0,-,-,-,8.42,-,0,0,0
1,Glenn Maxwell RSS Feed,australia,ODIs,110,100,11,2877,102,32.32,2332,123.37,1,19,289,94,65,0,110,86,2698,2525,50,4/46,4/46,50.5,5.61,53.9,2,0,0
1,Shaun Marsh RSS Feed,australia,ODIs,73,72,4,2773,151,40.77,3406,81.41,7,15,247.0,36.0,22,0,73,-,-,-,-,-,-,-,-,-,-,-,-
1,Travis Head RSS Feed,australia,ODIs,42,39,2,1273,128,34.4,1414,90.02,1,10,135,16,12,0,42,26,765,737,12,2/22,2/22,61.41,5.78,63.7,0,0,0
0,Nathan Coulter-Nile RSS Feed,australia,ODIs,32,21,6,252,92,16.8,262,96.18,0,1,20,6,7,0,32,32,1678,1555,52,4/48,4/48,29.9,5.56,32.2,1,0,0
1,Peter Siddle RSS Feed,australia,ODIs,20,6,3,31,10*,10.33,30,103.33,0,0,2,0,1,0,20,19,901,743,17,3/55,3/55,43.7,4.94,53.0,0,0,0
1,Mushfiqur Rahim RSS Feed,bangladesh,ODIs,213,199,33,5925,144,35.69,7507.0,78.92,7,35,474.0,81.0,177,44,213,-,-,-,-,-,-,-,-,-,-,-,-
1,Mosaddek Hossain RSS Feed,bangladesh,ODIs,33,28,10,524,52*,29.11,590,88.81,0,2,52,11,13,0,33,31,818,710,14,3/13,3/13,50.71,5.2,58.4,0,0,0
1,Mohammad Mithun RSS Feed,bangladesh,ODIs,21,18,2,467,63,29.18,604.0,77.31,0,4,39.0,12.0,6,0,21,-,-,-,-,-,-,-,-,-,-,-,-
1,Imrul Kayes RSS Feed,bangladesh,ODIs,78,78,2,2434,144,32.02,3423.0,71.1,4,16,238.0,37.0,21,0,78,-,-,-,-,-,-,-,-,-,-,-,-
0,Abu Hider RSS Feed,bangladesh,ODIs,2,1,0,1,1,1.0,11,9.09,0,0,0,0,1,0,2,2,108,89,3,2/50,2/50,29.66,4.94,36.0,0,0,0
1,Tamim Iqbal RSS Feed,bangladesh,ODIs,201,199,8,6871,154,35.97,8823.0,77.87,11,47,752.0,82.0,52,0,201,2,6,13,0,-,-,-,13.00,-,0,0,0
1,Anamul Haque RSS Feed,bangladesh,ODIs,37,34,0,1038,120,30.52,1464,70.9,3,3,101,19,10,0,37,-,-,-,-,-,-,-,-,-,-,-,-
1,Mashrafe Mortaza RSS Feed,bangladesh,ODIs,217,156,27,1786,51*,13.84,2037.0,87.67,0,1,150.0,62.0,61,0,217,217.0,10789,8759,266,6/26,6/26,32.92,4.87,40.5,7,1,0
1,Abu Jayed RSS Feed,bangladesh,ODIs,2,-,-,-,-,-,-,-,-,-,-,-,0,0,2,2,108,114,5,5/58,5/58,22.8,6.33,21.6,0,1,0
1,Shakib Al Hasan RSS Feed,bangladesh,ODIs,206,194,27,6323,134*,37.86,7641.0,82.75,9,47,574.0,42.0,50,0,206,203.0,10517,7857,260,5/29,5/29,30.21,4.48,40.4,8,2,0
1,Nazmul Islam RSS Feed,bangladesh,ODIs,5,1,0,7,7,7.0,13,53.84,0,0,0,0,2,0,5,5,264,224,5,2/38,2/38,44.8,5.09,52.8,0,0,0
1,Liton Das RSS Feed,bangladesh,ODIs,33,33,2,768,121,24.77,871,88.17,1,3,82,12,21,3,33,-,-,-,-,-,-,-,-,-,-,-,-
0,Fazle Mahmud RSS Feed,bangladesh,ODIs,2,2,0,0,0,0.0,9,0.0,0,0,0.0,0.0,1,0,2,1.0,18,16,0,-,-,-,5.33,-,0,0,0
1,Taijul Islam RSS Feed,bangladesh,ODIs,4,2,0,21,11,10.5,40,52.5,0,0,2,0,1,0,4,4,222,151,5,4/11,4/11,30.2,4.08,44.4,1,0,0
1,Mominul Haque RSS Feed,bangladesh,ODIs,28,26,1,557,60,22.28,749.0,74.36,0,3,60.0,1.0,4,0,28,12,234,190,7,2/13,2/13,27.14,4.87,33.4,0,0,0
1,Soumya Sarkar RSS Feed,bangladesh,ODIs,52,51,3,1633,127*,34.02,1632,100.06,2,10,193,41,29,0,52,11,228,229,5,3/58,3/58,45.8,6.02,45.6,0,0,0
1,Mustafizur Rahman RSS Feed,bangladesh,ODIs,54,25,16,58,18*,6.44,120,48.33,0,0,6,0,10,0,54,53,2705,2333,103,6/43,6/43,22.65,5.17,26.2,3,5,0
1,Rubel Hossain RSS Feed,bangladesh,ODIs,99,50,23,132,17,4.88,237.0,55.69,0,0,13.0,2.0,20,0,99,97,4432,4191,124,6/26,6/26,33.79,5.67,35.7,7,1,0
1,Ariful Haque RSS Feed,bangladesh,ODIs,1,-,-,-,-,-,-,-,-,-,-,-,0,0,1,1,18,17,0,-,-,-,5.66,-,0,0,0
1,Sabbir Rahman RSS Feed,bangladesh,ODIs,63,56,7,1255,102,25.61,1369,91.67,1,5,144,24,32,0,63,20,290,325,3,1/12,1/12,108.33,6.72,96.6,0,0,0
1,Nurul Hasan RSS Feed,bangladesh,ODIs,2,2,0,68,44,34.0,70,97.14,0,0,4,2,2,1,2,-,-,-,-,-,-,-,-,-,-,-,-
1,Mahmudullah RSS Feed,bangladesh,ODIs,182,157,42,3976,128*,34.57,5182.0,76.72,3,21,311.0,56.0,61,0,182,132.0,4066,3501,76,3/4,3/4,46.06,5.16,53.5,0,0,0
1,Najmul Hossain Shanto RSS Feed,bangladesh,ODIs,3,3,0,20,7,6.66,45,44.44,0,0,0,0,2,0,3,-,-,-,-,-,-,-,-,-,-,-,-
0,Mohammad Saifuddin RSS Feed,bangladesh,ODIs,20,12,3,262,51*,29.11,322,81.36,0,2,24,3,2,0,20,20,912,909,24,3/45,3/45,37.87,5.98,38.0,0,0,0
1,Mehidy Hasan RSS Feed,bangladesh,ODIs,35,21,4,328,51,19.29,438,74.88,0,1,31,3,11,0,35,34,1789,1354,35,4/29,4/29,38.68,4.54,51.1,1,0,0
1,James Anderson RSS Feed,england,ODIs,194,79,43,273,28,7.58,561.0,48.66,0,0,23.0,0.0,53,0,194,191.0,9584,7861,269,5/23,5/23,29.22,4.92,35.6,11,2,0
1,Ben Stokes RSS Feed,england,ODIs,95,81,15,2682,102*,40.63,2855.0,93.94,3,20,217.0,75.0,45,0,95,80,2912,2920,70,5/61,5/61,41.71,6.01,41.6,1,1,0
1,Joe Root RSS Feed,england,ODIs,143,135,21,5856,133*,51.36,6702,87.37,16,33,475,43,74,0,143,64,1414,1364,22,3/52,3/52,62.0,5.78,64.2,0,0,0
1,Eoin Morgan RSS Feed,england,ODIs,233,217,32,7348,148,39.71,8053,91.24,13,46,612.0,211.0,83,0,233,-,-,-,-,-,-,-,-,-,-,-,-
1,Chris Jordan RSS Feed,england,ODIs,31,21,7,169,38*,12.07,188.0,89.89,0,0,12.0,5.0,19,0,31,31,1532,1521,43,5/29,5/29,35.37,5.95,35.6,0,1,0
1,Ben Duckett RSS Feed,england,ODIs,3,3,0,123,63,41.0,152,80.92,0,2,10,1,0,0,3,-,-,-,-,-,-,-,-,-,-,-,-
1,Tom Curran RSS Feed,england,ODIs,17,11,7,178,47*,44.5,166,107.22,0,0,18,4,4,0,17,17,762,805,27,5/35,5/35,29.81,6.33,28.2,1,1,0
1,Moeen Ali RSS Feed,england,ODIs,101,82,13,1766,128,25.59,1697,104.06,3,5,154.0,60.0,32,0,101,95.0,4654,4089,84,4/46,4/46,48.67,5.27,55.4,1,0,0
1,James Vince RSS Feed,england,ODIs,13,11,0,265,51,24.09,299,88.62,0,1,38,0,4,0,13,-,-,-,-,-,-,-,-,-,-,-,-
1,Adil Rashid RSS Feed,england,ODIs,99,43,12,588,69,18.96,574.0,102.43,0,1,64.0,7.0,30,0,99,93,4851,4547,143,5/27,5/27,31.79,5.62,33.9,7,2,0
1,Sam Curran RSS Feed,england,ODIs,2,2,0,17,15,8.5,29,58.62,0,0,1,1,0,0,2,2,72,90,2,2/44,2/44,45.0,7.5,36.0,0,0,0
1,Jos Buttler RSS Feed,england,ODIs,142,117,23,3843,150,40.88,3207,119.83,9,20,321,125,171,31,142,-,-,-,-,-,-,-,-,-,-,-,-
0,David Willey RSS Feed,england,ODIs,46,27,12,279,50,18.6,339,82.3,0,1,23,6,21,0,46,45,1971,1889,52,4/34,4/34,36.32,5.75,37.9,2,0,0
1,Liam Plunkett RSS Feed,england,ODIs,89,50,19,646,56,20.83,629.0,102.7,0,1,53.0,18.0,26,0,89,87.0,4137,4010,135,5/52,5/52,29.7,5.81,30.6,6,1,0
0,Jofra Archer RSS Feed,england,ODIs,14,7,3,13,7*,3.25,22,59.09,0,0,1,0,4,0,14,14,737,569,23,3/27,3/27,24.73,4.63,32.0,0,0,0
1,Joe Denly RSS Feed,england,ODIs,13,11,0,293,67,26.63,447,65.54,0,2,32.0,1.0,7,0,13,3.0,66,60,1,1/24,1/24,60.00,5.45,66.0,0,0,0
0,Olly Stone RSS Feed,england,ODIs,4,1,1,9,9*,-,7,128.57,0,0,1,0,0,0,4,3,96,97,1,1/23,1/23,97.0,6.06,96.0,0,0,0
0,Sam Billings RSS Feed,england,ODIs,15,12,0,271,62,22.58,298,90.93,0,2,29,2,13,0,15,-,-,-,-,-,-,-,-,-,-,-,-
1,Mark Wood RSS Feed,england,ODIs,51,17,10,56,13,8.00,63,88.88,0,0,6,0,11,0,51,50,2585,2385,61,4/33,4/33,39.09,5.53,42.3,2,0,0
1,Alex Hales RSS Feed,england,ODIs,70,67,3,2419,171,37.79,2527,95.72,6,14,276,50,27,0,70,-,-,-,-,-,-,-,-,-,-,-,-
0,Jason Roy RSS Feed,england,ODIs,84,81,2,3381,180,42.79,3148,107.4,9,18,390,68,31,0,84,-,-,-,-,-,-,-,-,-,-,-,-
1,Liam Dawson RSS Feed,england,ODIs,3,2,0,14,10,7.0,17,82.35,0,0,1,0,0,0,3,2,84,96,3,2/70,2/70,32.0,6.85,28.0,0,0,0
1,Ben Foakes RSS Feed,england,ODIs,1,1,1,61,61*,-,76,80.26,0,1,3,1,2,1,1,-,-,-,-,-,-,-,-,-,-,-,-
1,Dawid Malan RSS Feed,england,ODIs,1,1,0,24,24,24.0,30,80.0,0,0,3,0,0,0,1,-,-,-,-,-,-,-,-,-,-,-,-
1,Chris Woakes RSS Feed,england,ODIs,99,68,20,1186,95*,24.7,1316.0,90.12,0,4,84.0,19.0,44,0,99,95,4638,4327,142,6/45,6/45,30.47,5.59,32.6,9,3,0
1,Stuart Broad RSS Feed,england,ODIs,121,68,25,529,45*,12.3,709,74.61,0,0,35.0,10.0,27,0,121,121.0,6109,5364,178,5/23,5/23,30.13,5.26,34.3,9,1,0
1,Jonny Bairstow RSS Feed,england,ODIs,74,68,8,2861,141*,47.68,2749.0,104.07,9,11,326.0,62.0,34,2,74,-,-,-,-,-,-,-,-,-,-,-,-
1,Hardik Pandya RSS Feed,india,ODIs,54,38,6,957,83,29.9,828,115.57,0,4,69,40,22,0,54,53,2368,2195,54,3/31,3/31,40.64,5.56,43.8,0,0,0
1,Kuldeep Yadav RSS Feed,india,ODIs,51,20,12,101,19,12.62,173,58.38,0,0,8,0,5,0,51,49,2700,2229,93,6/25,6/25,23.96,4.95,29.0,4,1,0
1,MS Dhoni RSS Feed,india,ODIs,350,297,84,10773,183*,50.57,12303.0,87.56,10,73,826.0,229.0,321,123,350,2,36,31,1,1/14,1/14,31.00,5.16,36.0,0,0,0
1,KL Rahul RSS Feed,india,ODIs,23,22,4,704,111,39.11,890,79.1,2,4,57,10,8,0,23,-,-,-,-,-,-,-,-,-,-,-,-
1,Jasprit Bumrah RSS Feed,india,ODIs,58,13,8,19,10*,3.8,43,44.18,0,0,2,1,17,0,58,58,3009,2254,103,5/27,5/27,21.88,4.49,29.2,5,1,0
1,Murali Vijay RSS Feed,india,ODIs,17,16,0,339,72,21.18,506,66.99,0,1,33,3,9,0,17,2,36,37,1,1/19,1/19,37.00,6.16,36.0,0,0,0
1,Rohit Sharma RSS Feed,india,ODIs,215,209,32,8658,264,48.91,9766.0,88.65,27,42,766.0,232.0,77,0,215,38,593,515,8,2/27,2/27,64.37,5.21,74.1,0,0,0
1,Ishant Sharma RSS Feed,india,ODIs,80,28,13,72,13,4.8,203,35.46,0,0,6,0,19,0,80,78,3733,3563,115,4/34,4/34,30.98,5.72,32.4,6,0,0
0,Khaleel Ahmed RSS Feed,india,ODIs,8,3,1,9,5,4.50,17,52.94,0,0,1,0,1,0,8,8,378,338,11,3/13,3/13,30.72,5.36,34.3,0,0,0
1,Ajinkya Rahane RSS Feed,india,ODIs,90,87,3,2962,111,35.26,3767.0,78.63,3,24,293.0,33.0,48,0,90,-,-,-,-,-,-,-,-,-,-,-,-
1,Dinesh Karthik RSS Feed,india,ODIs,94,79,21,1752,79,30.2,2392,73.24,0,9,176.0,15.0,64,7,94,-,-,-,-,-,-,-,-,-,-,-,-
0,Ambati Rayudu RSS Feed,india,ODIs,55,50,14,1694,124*,47.05,2143.0,79.04,3,10,145.0,30.0,17,0,55,9,121,124,3,1/5,1/5,41.33,6.14,40.3,0,0,0
0,Siddarth Kaul RSS Feed,india,ODIs,3,2,0,1,1,0.50,3,33.33,0,0,0,0,1,0,3,3,162,179,0,-,-,-,6.62,-,0,0,0
1,Rishabh Pant RSS Feed,india,ODIs,9,8,0,209,48,26.12,201,103.98,0,0,25,4,6,0,9,-,-,-,-,-,-,-,-,-,-,-,-
1,Virat Kohli RSS Feed,india,ODIs,236,228,38,11286,183,59.4,12135,93.0,41,54,1057,118,117,0,236,48,641,665,4,1/15,1/15,166.25,6.22,160.2,0,0,0
1,Mohammed Shami RSS Feed,india,ODIs,67,32,14,133,25,7.38,158,84.17,0,0,10,6,24,0,67,66,3442,3144,127,5/69,5/69,24.75,5.48,27.1,8,1,0
0,Shubman Gill RSS Feed,india,ODIs,2,2,0,16,9,8.0,32,50.0,0,0,2,0,0,0,2,-,-,-,-,-,-,-,-,-,-,-,-
0,Yuzvendra Chahal RSS Feed,india,ODIs,49,8,3,39,18*,7.8,72,54.16,0,0,6,0,14,0,49,48,2617,2214,84,6/42,6/42,26.35,5.07,31.1,2,2,0
0,Vijay Shankar RSS Feed,india,ODIs,12,8,1,223,46,31.85,246,90.65,0,0,20,4,7,0,12,9,233,210,4,2/15,2/15,52.5,5.4,58.2,0,0,0
1,Umesh Yadav RSS Feed,india,ODIs,75,24,14,79,18*,7.9,134,58.95,0,0,8,1,22,0,75,73,3558,3565,106,4/31,4/31,33.63,6.01,33.5,4,0,0
1,Bhuvneshwar Kumar RSS Feed,india,ODIs,111,51,15,525,53*,14.58,701.0,74.89,0,1,44.0,8.0,26,0,111,110,5349,4478,128,5/42,5/42,34.98,5.02,41.7,3,1,0
1,Shikhar Dhawan RSS Feed,india,ODIs,130,129,7,5480,143,44.91,5830.0,93.99,17,27,683.0,67.0,61,0,130,-,-,-,-,-,-,-,-,-,-,-,-
1,Cheteshwar Pujara RSS Feed,india,ODIs,5,5,0,51,27,10.2,130.0,39.23,0,0,4.0,0.0,0,0,5,-,-,-,-,-,-,-,-,-,-,-,-
0,Mohammed Siraj RSS Feed,india,ODIs,1,-,-,-,-,-,-,-,-,-,-,-,0,0,1,1,60,76,0,-,-,-,7.6,-,0,0,0
1,Ravindra Jadeja RSS Feed,india,ODIs,153,102,33,2112,87,30.6,2475,85.33,0,11,159,41,56,0,153,149,7789,6319,176,5/36,5/36,35.9,4.86,44.2,7,1,0
0,Kedar Jadhav RSS Feed,india,ODIs,65,45,16,1254,120,43.24,1244,100.8,2,6,127,21,30,0,65,39,1127,971,27,3/23,3/23,35.96,5.16,41.7,0,0,0
1,Colin Munro RSS Feed,newzealand,ODIs,57,53,2,1271,87,24.92,1214,104.69,0,8,138,36,22,0,57,25,552,481,7,2/10,2/10,68.71,5.22,78.8,0,0,0
1,Colin de Grandhomme RSS Feed,newzealand,ODIs,38,29,6,633,74*,27.52,590.0,107.28,0,3,47.0,26.0,11,0,38,38.0,1296,1046,24,3/26,3/26,43.58,4.84,54.0,0,0,0
1,Tim Southee RSS Feed,newzealand,ODIs,140,85,32,676,55,12.75,686,98.54,0,1,53,26,39,0,140,138,7021,6373,186,7/33,7/33,34.26,5.44,37.7,4,3,0
1,Matt Henry RSS Feed,newzealand,ODIs,52,21,7,211,48*,15.07,211,100.0,0,0,19,9,17,0,52,50,2703,2437,92,5/30,5/30,26.48,5.4,29.3,7,2,0
1,Trent Boult RSS Feed,newzealand,ODIs,89,39,23,154,21*,9.62,209,73.68,0,0,14,6,30,0,89,89,4884,4111,164,7/34,7/34,25.06,5.05,29.7,7,5,0
1,Henry Nicholls RSS Feed,newzealand,ODIs,45,43,10,1120,124*,33.93,1359,82.41,1,9,96,10,16,0,45,-,-,-,-,-,-,-,-,-,-,-,-
1,Corey Anderson RSS Feed,newzealand,ODIs,49,45,5,1109,131*,27.72,1020,108.72,1,4,86,55,11,0,49,43,1485,1502,60,5/63,5/63,25.03,6.06,24.7,2,1,0
0,George Worker RSS Feed,newzealand,ODIs,10,10,2,272,58,34.0,379,71.76,0,3,23,3,5,0,10,1,6,5,0,-,-,-,5.0,-,0,0,0
0,Lockie Ferguson RSS Feed,newzealand,ODIs,36,15,7,62,19,7.75,125,49.6,0,0,3,1,10,0,36,36,1902,1719,67,5/45,5/45,25.65,5.42,28.3,2,1,0
1,Tom Latham RSS Feed,newzealand,ODIs,95,88,9,2550,137,32.27,3096,82.36,4,15,213,34,79,7,95,-,-,-,-,-,-,-,-,-,-,-,-
1,Martin Guptill RSS Feed,newzealand,ODIs,179,176,19,6626,237*,42.2,7586,87.34,16,35,678,168,90,0,179,11,109,98,4,2/6,2/6,24.50,5.39,27.2,0,0,0
1,BJ Watling RSS Feed,newzealand,ODIs,28,25,2,573,96*,24.91,838,68.37,0,5,58.0,3.0,20,0,28,-,-,-,-,-,-,-,-,-,-,-,-
1,Doug Bracewell RSS Feed,newzealand,ODIs,19,12,2,158,57,15.8,214,73.83,0,1,11,3,3,0,19,19,932,798,23,4/55,4/55,34.69,5.13,40.5,1,0,0
1,Ish Sodhi RSS Feed,newzealand,ODIs,31,13,2,67,24,6.09,88,76.13,0,0,3,4,7,0,31,30,1548,1430,39,4/58,4/58,36.66,5.54,39.6,1,0,0
1,Todd Astle RSS Feed,newzealand,ODIs,9,5,2,79,49,26.33,77,102.59,0,0,5,2,2,0,9,8,270,246,10,3/33,3/33,24.60,5.46,27.0,0,0,0
0,Seth Rance RSS Feed,newzealand,ODIs,2,-,-,-,-,-,-,-,-,-,-,-,3,0,2,2,105,110,1,1/44,1/44,110.0,6.28,105.0,0,0,0
0,Tim Seifert RSS Feed,newzealand,ODIs,3,2,0,33,22,16.5,27,122.22,0,0,2,1,7,1,3,-,-,-,-,-,-,-,-,-,-,-,-
0,Scott Kuggeleijn RSS Feed,newzealand,ODIs,2,1,1,11,11*,-,6,183.33,0,0,1,0,0,0,2,2,84,58,5,3/41,3/41,11.6,4.14,16.8,0,0,0
0,Mark Chapman RSS Feed,newzealand,ODIs,5,5,1,160,124*,40.0,174,91.95,1,0,12,3,1,0,5,-,-,-,-,-,-,-,-,-,-,-,-
1,Ross Taylor RSS Feed,newzealand,ODIs,228,212,37,8376,181*,47.86,10091.0,83.0,20,50,694.0,140.0,137,0,228,4,42,35,0,-,-,-,5.00,-,0,0,0
1,Kane Williamson RSS Feed,newzealand,ODIs,149,142,14,6132,148,47.9,7494,81.82,13,39,559,49,60,0,149,65,1467,1310,37,4/22,4/22,35.4,5.35,39.6,1,0,0
1,James Neesham RSS Feed,newzealand,ODIs,59,50,10,1247,97*,31.17,1260,98.96,0,6,113,28,23,0,59,55,1772,1814,59,5/31,5/31,30.74,6.14,30.0,2,1,0
1,Mitchell Santner RSS Feed,newzealand,ODIs,69,54,21,898,67,27.21,1021,87.95,0,2,62,26,25,0,69,64,3079,2510,69,5/50,5/50,36.37,4.89,44.6,0,1,0
1,Mohammad Hafeez RSS Feed,pakistan,ODIs,218,216,15,6614,140*,32.9,8633.0,76.61,11,38,664.0,110.0,85,0,218,177.0,7733,5400,139,4/41,4/41,38.84,4.18,55.6,1.0,0,0
1,Sarfaraz Ahmed RSS Feed,pakistan,ODIs,114,88,22,2271,105,34.4,2577.0,88.12,2,11,171.0,12.0,112,24,114,1,12,15,0,-,-,-,7.50,-,0,0,0
1,Bilal Asif RSS Feed,pakistan,ODIs,3,3,0,40,38,13.33,49,81.63,0,0,6,1,2,0,3,3,132,96,5,5/25,5/25,19.2,4.36,26.4,0,1,0
1,Shaheen Afridi RSS Feed,pakistan,ODIs,19,8,6,42,19*,21.00,64,65.62,0,0,2,2,2,0,19,18,924,847,40,6/35,6/35,21.17,5.5,23.1,4,1,0
1,Shoaib Malik RSS Feed,pakistan,ODIs,287,258,40,7534,143,34.55,9199.0,81.9,9,44,603.0,113.0,98,0,287,217.0,7958,6192,158,4/19,4/19,39.18,4.66,50.3,1.0,0,0
0,Imad Wasim RSS Feed,pakistan,ODIs,52,38,16,940,63*,42.72,860.0,109.3,0,5,88.0,17.0,11,0,52,50,2271,1827,41,5/14,5/14,44.56,4.82,55.3,0,1,0
1,Fakhar Zaman RSS Feed,pakistan,ODIs,44,44,4,1828,210*,45.7,1900,96.21,4,11,215,30,19,0,44,7,135,111,1,1/19,1/19,111.00,4.93,135.0,0,0,0
1,Wahab Riaz RSS Feed,pakistan,ODIs,87,62,14,677,54*,14.1,784.0,86.35,0,2,51.0,27.0,27,0,87,86.0,4095,3903,113,5/46,5/46,34.53,5.71,36.2,4,1,0
1,Shadab Khan RSS Feed,pakistan,ODIs,41,22,9,337,54,25.92,491,68.63,0,3,20,4,8,0,41,39,1975,1624,56,4/28,4/28,29.0,4.93,35.2,3,0,0
0,Saad Ali RSS Feed,pakistan,ODIs,2,2,0,11,7,5.5,23,47.82,0,0,0,0,0,0,2,-,-,-,-,-,-,-,-,-,-,-,-
1,Haris Sohail RSS Feed,pakistan,ODIs,39,38,5,1518,130,46.0,1797,84.47,2,12,125,23,15,0,39,21,642,613,11,3/45,3/45,55.72,5.72,58.3,0,0,0
0,Abid Ali RSS Feed,pakistan,ODIs,3,3,0,117,112,39.0,129,90.69,1,0,10.0,0.0,3,0,3,-,-,-,-,-,-,-,-,-,-,-,-
1,Umar Akmal RSS Feed,pakistan,ODIs,121,110,17,3194,102*,34.34,3712,86.04,2,20,268,53,77,13,121,-,-,-,-,-,-,-,-,-,-,-,-
1,Asad Shafiq RSS Feed,pakistan,ODIs,60,58,4,1336,84,24.74,1979,67.5,0,9,108,5,14,0,60,2,12,18,0,-,-,-,9.00,-,0,0,0
1,Junaid Khan RSS Feed,pakistan,ODIs,76,31,17,68,25,4.85,127.0,53.54,0,0,4.0,1.0,8,0,76,76,3601,3216,110,4/12,4/12,29.23,5.35,32.7,4,0,0
1,Imam-ul-Haq RSS Feed,pakistan,ODIs,36,36,5,1692,151,54.58,2100,80.57,7,6,134,15,7,0,36,-,-,-,-,-,-,-,-,-,-,-,-
1,Mohammad Abbas RSS Feed,pakistan,ODIs,3,-,-,-,-,-,-,-,-,-,-,-,0,0,3,3,162,153,1,1/44,1/44,153.0,5.66,162.0,0,0,0
1,Babar Azam RSS Feed,pakistan,ODIs,72,70,10,3213,125*,53.55,3726,86.23,10,15,279,27,36,0,72,-,-,-,-,-,-,-,-,-,-,-,-
1,Mohammad Amir RSS Feed,pakistan,ODIs,59,30,10,363,73*,18.15,444,81.75,0,2,32,8,8,0,59,58,2911,2329,77,5/30,5/30,30.24,4.8,37.8,1,1,0
0,Usman Shinwari RSS Feed,pakistan,ODIs,15,4,1,6,6,2.00,7,85.71,0,0,0,1,3,0,15,15,660,541,28,5/34,5/34,19.32,4.91,23.5,3,1,0
0,Asif Ali RSS Feed,pakistan,ODIs,18,14,1,361,52,27.76,280,128.92,0,3,20,21,5,0,18,1,5,9,0,-,-,-,10.80,-,0,0,0
1,Shan Masood RSS Feed,pakistan,ODIs,5,5,0,111,50,22.2,145,76.55,0,1,12,0,1,0,5,-,-,-,-,-,-,-,-,-,-,-,-
1,Hasan Ali RSS Feed,pakistan,ODIs,53,29,9,280,59,14.0,247,113.36,0,2,18,17,12,0,53,51,2548,2381,82,5/34,5/34,29.03,5.6,31.0,1,3,0
1,Azhar Ali RSS Feed,pakistan,ODIs,53,53,3,1845,102,36.9,2478.0,74.45,3,12,168.0,14.0,8,0,53,14.0,258,260,4,2/26,2/26,65.0,6.04,64.5,0,0,0
1,Mohammad Rizwan RSS Feed,pakistan,ODIs,32,28,7,705,115,33.57,787,89.58,2,3,61,6,29,1,32,-,-,-,-,-,-,-,-,-,-,-,-
1,Faheem Ashraf RSS Feed,pakistan,ODIs,23,15,2,162,28,12.46,195,83.07,0,0,13,6,5,0,23,22,902,744,20,5/22,5/22,37.2,4.94,45.1,0,1,0
0,Hussain Talat RSS Feed,pakistan,ODIs,1,1,0,2,2,2.0,14,14.28,0,0,0,0,0,0,1,1,12,16,0,-,-,-,8.0,-,0,0,0
1,Yasir Shah RSS Feed,pakistan,ODIs,25,13,6,127,32*,18.14,149.0,85.23,0,0,9.0,1.0,6,0,25,24.0,1293,1150,24,6/26,6/26,47.91,5.33,53.8,1,1,0
0,Mohammad Hasnain RSS Feed,pakistan,ODIs,5,2,0,28,28,14.00,18,155.55,0,0,4,1,1,0,5,5,246,303,5,2/52,2/52,60.60,7.39,49.2,0,0,0
1,Imran Tahir RSS Feed,southafrica,ODIs,107,36,16,157,29,7.85,225.0,69.77,0,0,21.0,1.0,25,0,107,104.0,5541,4297,173,7/45,7/45,24.83,4.65,32.0,7.0,3,0
1,Tabraiz Shamsi RSS Feed,southafrica,ODIs,17,3,2,0,0*,0.0,2,0.0,0,0,0,0,5,0,17,17,879,798,19,4/33,4/33,42.0,5.44,46.2,1,0,0
0,Reeza Hendricks RSS Feed,southafrica,ODIs,18,18,1,455,102,26.76,591,76.98,1,2,43,5,11,0,18,3,42,47,1,1/13,1/13,47.00,6.71,42.0,0,0,0
1,Dean Elgar RSS Feed,southafrica,ODIs,8,7,1,104,42,17.33,177,58.75,0,0,6,0,4,0,8,4,96,67,2,1/11,1/11,33.5,4.18,48.0,0,0,0
0,Dwaine Pretorius RSS Feed,southafrica,ODIs,22,10,1,135,50,15.00,145,93.1,0,1,9,4,6,0,22,22,1022,813,29,3/5,3/5,28.03,4.77,35.2,0,0,0
1,Jean-Paul Duminy RSS Feed,southafrica,ODIs,199,179,40,5117,150*,36.81,6052,84.55,4,27,347.0,75.0,82,0,199,135.0,3513,3143,69,4/16,4/16,45.55,5.36,50.9,1,0,0
0,Anrich Nortje RSS Feed,southafrica,ODIs,4,1,0,8,8,8.0,18,44.44,0,0,0,0,2,0,4,4,189,150,8,3/57,3/57,18.75,4.76,23.6,0,0,0
1,Hashim Amla RSS Feed,southafrica,ODIs,181,178,14,8113,159,49.46,9178.0,88.39,27,39,822.0,53.0,87,0,181,-,-,-,-,-,-,-,-,-,-,-,-
1,Kagiso Rabada RSS Feed,southafrica,ODIs,75,28,12,259,31*,16.18,333,77.77,0,0,20,5,22,0,75,73,3842,3199,117,6/16,6/16,27.34,4.99,32.8,6,1,0
0,David Miller RSS Feed,southafrica,ODIs,126,110,31,3058,139,38.7,3054,100.13,5,12,227,83,59,0,126,-,-,-,-,-,-,-,-,-,-,-,-
1,Vernon Philander RSS Feed,southafrica,ODIs,30,19,7,151,30*,12.58,213,70.89,0,0,14.0,0.0,6,0,30,28.0,1279,986,41,4/12,4/12,24.04,4.62,31.1,2,0,0
1,Temba Bavuma RSS Feed,southafrica,ODIs,2,2,0,161,113,80.5,170,94.7,1,0,18,1,1,0,2,-,-,-,-,-,-,-,-,-,-,-,-
1,Keshav Maharaj RSS Feed,southafrica,ODIs,4,2,0,25,17,12.5,26,96.15,0,0,4,0,0,0,4,4,187,166,6,3/25,3/25,27.66,5.32,31.1,0,0,0
1,Chris Morris RSS Feed,southafrica,ODIs,42,27,4,467,62,20.3,465,100.43,0,1,36,15,9,0,42,40,1894,1756,48,4/31,4/31,36.58,5.56,39.4,2,0,0
1,Duanne Olivier RSS Feed,southafrica,ODIs,2,-,-,-,-,-,-,-,-,-,-,-,0,0,2,2,114,124,3,2/73,2/73,41.33,6.52,38.0,0,0,0
1,Lungi Ngidi RSS Feed,southafrica,ODIs,22,9,6,47,19*,15.66,66,71.21,0,0,4,2,6,0,22,22,1026,947,41,4/51,4/51,23.09,5.53,25.0,2,0,0
0,Rassie van der Dussen RSS Feed,southafrica,ODIs,18,14,5,664,95,73.77,811,81.87,0,7,37,16,9,0,18,-,-,-,-,-,-,-,-,-,-,-,-
0,Heinrich Klaasen RSS Feed,southafrica,ODIs,14,13,2,251,59,22.81,291,86.25,0,1,26,6,16,3,14,-,-,-,-,-,-,-,-,-,-,-,-
0,Beuran Hendricks RSS Feed,southafrica,ODIs,4,1,1,2,2*,-,8,25.0,0,0,0,0,1,0,4,3,126,106,1,1/50,1/50,106.0,5.04,126.0,0,0,0
1,Dale Steyn RSS Feed,southafrica,ODIs,125,51,12,365,60,9.35,562,64.94,0,1,35.0,9.0,28,0,125,124.0,6256,5087,196,6/39,6/39,25.95,4.87,31.9,4,3,0
1,Faf du Plessis RSS Feed,southafrica,ODIs,143,136,20,5507,185,47.47,6215.0,88.6,12,35,495.0,66.0,81,0,143,11.0,192,189,2,1/8,1/8,94.50,5.9,96.0,0,0,0
1,Andile Phehlukwayo RSS Feed,southafrica,ODIs,52,32,15,549,69*,32.29,610,90.0,0,1,54,19,11,0,52,50,2077,1936,65,4/22,4/22,29.78,5.59,31.9,3,0,0
1,Quinton de Kock RSS Feed,southafrica,ODIs,115,115,6,4907,178,45.01,5154,95.2,14,24,571,69,158,8,115,-,-,-,-,-,-,-,-,-,-,-,-
0,Junior Dala RSS Feed,southafrica,ODIs,2,2,1,8,5,8.0,6,133.33,0,0,1,0,1,0,2,2,102,121,1,1/57,1/57,121.0,7.11,102.0,0,0,0
1,Aiden Markram RSS Feed,southafrica,ODIs,26,24,1,643,67*,27.95,755,85.16,0,2,76,10,12,0,26,6,120,132,3,2/18,2/18,44.00,6.60,40.0,0,0,0
1,Wiaan Mulder RSS Feed,southafrica,ODIs,10,8,3,74,19*,14.8,89,83.14,0,0,11,0,4,0,10,10,318,308,8,2/59,2/59,38.5,5.81,39.7,0,0,0
1,Dhananjaya de Silva RSS Feed,srilanka,ODIs,40,38,7,796,84,25.67,1061,75.02,0,4,78,8,19,0,40,33,908,811,20,3/32,3/32,40.55,5.35,45.4,0,0,0
1,Lasith Malinga RSS Feed,srilanka,ODIs,225,118,35,561,56,6.75,755.0,74.3,0,1,45.0,21.0,31,0,225,219.0,10878,9722,335,6/38,6/38,29.02,5.36,32.4,11,8,0
1,Kasun Rajitha RSS Feed,srilanka,ODIs,8,2,1,0,0*,0.0,10,0.0,0,0,0,0,1,0,8,8,323,362,7,1/21,1/21,51.71,6.72,46.1,0,0,0
0,Priyamal Perera RSS Feed,srilanka,ODIs,2,2,0,33,33,16.5,58,56.89,0,0,2,0,1,0,2,-,-,-,-,-,-,-,-,-,-,-,-
1,Akila Dananjaya RSS Feed,srilanka,ODIs,34,26,5,283,50*,13.47,410,69.02,0,1,24,3,14,0,34,32,1653,1423,48,6/29,6/29,29.64,5.16,34.4,2,2,0
1,Lahiru Thirimanne RSS Feed,srilanka,ODIs,123,103,14,3133,139*,35.2,4333,72.3,4,21,241,25,38,0,123,4,104,94,3,2/36,2/36,31.33,5.42,34.6,0,0,0
1,Kusal Perera RSS Feed,srilanka,ODIs,95,90,5,2556,135,30.07,2761,92.57,4,14,278,48,40,2,95,-,-,-,-,-,-,-,-,-,-,-,-
0,Jeevan Mendis RSS Feed,srilanka,ODIs,58,44,10,636,72,18.7,769.0,82.7,0,1,48.0,13.0,13,0,58,49.0,1404,1204,28,3/15,3/15,43.0,5.14,50.1,0.0,0,0
1,Thisara Perera RSS Feed,srilanka,ODIs,160,127,16,2208,140,19.89,1976,111.74,1,10,165,83,60,0,160,151,5675,5520,171,6/44,6/44,32.28,5.83,33.1,5,4,0
1,Vishwa Fernando RSS Feed,srilanka,ODIs,8,8,6,30,7*,15.0,61,49.18,0,0,3,0,0,0,8,8,297,337,5,1/35,1/35,67.40,6.8,59.4,0,0,0
1,Nuwan Pradeep RSS Feed,srilanka,ODIs,38,18,11,28,7,4.0,75,37.33,0,0,2,1,6,0,38,36,1772,1782,47,4/31,4/31,37.91,6.03,37.7,2,0,0
1,Oshada Fernando RSS Feed,srilanka,ODIs,5,5,0,127,49,25.4,189,67.19,0,0,15,2,0,0,5,1,12,16,0,-,-,-,8.00,-,0,0,0
0,Avishka Fernando RSS Feed,srilanka,ODIs,10,10,0,348,104,34.8,349,99.71,1,1,40,8,4,0,10,-,-,-,-,-,-,-,-,-,-,-,-
1,Dinesh Chandimal RSS Feed,srilanka,ODIs,146,132,21,3599,111,32.42,4855,74.12,4,22,245,39,59,7,146,-,-,-,-,-,-,-,-,-,-,-,-
1,Upul Tharanga RSS Feed,srilanka,ODIs,235,223,17,6951,174*,33.74,9155.0,75.92,15,37,798.0,52.0,50,0,235,-,-,-,-,-,-,-,-,-,-,-,-
0,Jeffrey Vandersay RSS Feed,srilanka,ODIs,12,7,1,71,25,11.83,166,42.77,0,0,3,0,2,0,12,11,491,480,11,3/50,3/50,43.63,5.86,44.6,0,0,0
0,Angelo Perera RSS Feed,srilanka,ODIs,5,3,0,39,31,13.0,58,67.24,0,0,3,0,1,0,5,3,36,33,0,-,-,-,5.5,-,0,0,0
1,Angelo Mathews RSS Feed,srilanka,ODIs,211,181,47,5625,139*,41.97,6775,83.02,3,38,441.0,88.0,52,0,211,155.0,5083,3907,115,6/20,6/20,33.97,4.61,44.2,1,1,0
1,Dilruwan Perera RSS Feed,srilanka,ODIs,13,12,0,152,30,12.66,199.0,76.38,0,0,13.0,3.0,2,0,13,10.0,456,409,13,3/48,3/48,31.46,5.38,35.0,0.0,0,0
0,Isuru Udana RSS Feed,srilanka,ODIs,13,11,2,170,78,18.88,177,96.04,0,1,13,8,3,0,13,13,525,513,9,2/41,2/41,57.0,5.86,58.3,0,0,0
1,Suranga Lakmal RSS Feed,srilanka,ODIs,85,48,22,244,26,9.38,404,60.39,0,0,18,3,19,0,85,83,3824,3478,107,4/13,4/13,32.5,5.45,35.7,3,0,0
1,Kusal Mendis RSS Feed,srilanka,ODIs,70,68,2,1835,102,27.8,2186,83.94,1,15,183,30,32,0,70,2,20,28,0,-,-,-,8.40,-,0,0,0
0,Kamindu Mendis RSS Feed,srilanka,ODIs,2,2,1,17,9,17.0,38,44.73,0,0,1,0,0,0,2,2,84,79,1,1/45,1/45,79.00,5.64,84.0,0,0,0
1,Lakshan Sandakan RSS Feed,srilanka,ODIs,20,11,4,31,6,4.42,87,35.63,0,0,1,0,7,0,20,19,901,969,17,4/52,4/52,57.0,6.45,53.0,1,0,0
1,Dimuth Karunaratne RSS Feed,srilanka,ODIs,25,21,2,489,97,25.73,675,72.44,0,4,43,0,7,0,25,2,16,18,0,-,-,-,6.75,-,0,0,0
1,Niroshan Dickwella RSS Feed,srilanka,ODIs,52,49,1,1571,116,32.72,1679,93.56,2,9,182,12,38,9,52,-,-,-,-,-,-,-,-,-,-,-,-
1,Milinda Siriwardana RSS Feed,srilanka,ODIs,27,24,1,516,66,22.43,525,98.28,0,3,39,13,6,0,27,21,601,547,9,2/27,2/27,60.77,5.46,66.7,0,0,0
1,Kemar Roach RSS Feed,westindies,ODIs,89,56,34,308,34,14.00,573.0,53.75,0,0,24.0,6.0,19,0,89,88,4375,3656,123,6/27,6/27,29.72,5.01,35.5,3,3,0
1,Carlos Brathwaite RSS Feed,westindies,ODIs,41,35,3,543,101,16.96,597.0,90.95,1,1,37.0,23.0,11,0,41,38,1744,1675,40,5/27,5/27,41.87,5.76,43.6,2,1,0
0,Fabian Allen RSS Feed,westindies,ODIs,10,9,2,83,51,11.85,94,88.29,0,1,10,2,5,0,10,10,324,320,2,1/37,1/37,160.0,5.92,162.0,0,0,0
1,Marlon Samuels RSS Feed,westindies,ODIs,207,196,26,5606,133*,32.97,7463.0,75.11,10,30,526.0,118.0,50,0,207,134.0,5091,4127,89,3/12,3/12,46.37,4.86,57.2,0.0,0,0
0,Nicholas Pooran RSS Feed,westindies,ODIs,10,9,1,367,118,45.87,370.0,99.18,1,2,33.0,10.0,2,0,10,-,-,-,-,-,-,-,-,-,-,-,-
1,Keemo Paul RSS Feed,westindies,ODIs,11,9,2,115,36,16.42,152,75.65,0,0,4,5,5,0,11,11,508,498,11,2/29,2/29,45.27,5.88,46.1,0,0,0
1,Sheldon Cottrell RSS Feed,westindies,ODIs,23,12,6,59,15,9.83,82.0,71.95,0,0,4.0,2.0,15,0,23,22,984,979,29,5/46,5/46,33.75,5.96,33.9,1,1,0
1,Shane Dowrich RSS Feed,westindies,ODIs,1,1,0,6,6,6.0,8.0,75.0,0,0,1.0,0.0,0,0,1,-,-,-,-,-,-,-,-,-,-,-,-
1,Kraigg Brathwaite RSS Feed,westindies,ODIs,10,10,0,278,78,27.8,483.0,57.55,0,1,15.0,0.0,3,0,10,5,152,140,1,1/56,1/56,140.0,5.52,152.0,0,0,0
1,Chris Gayle RSS Feed,westindies,ODIs,298,291,17,10393,215,37.93,11923.0,87.16,25,53,1119.0,326.0,124,0,298,199.0,7424,5926,167,5/46,5/46,35.48,4.78,44.4,3.0,1,0
1,Shannon Gabriel RSS Feed,westindies,ODIs,25,16,9,24,12*,3.42,63,38.09,0,0,1,0,1,0,25,25,1148,1134,33,3/17,3/17,34.36,5.92,34.7,0,0,0
0,Ashley Nurse RSS Feed,westindies,ODIs,54,40,14,502,44,19.3,513.0,97.85,0,0,44.0,12.0,15,0,54,49,2384,2125,49,4/51,4/51,43.36,5.34,48.6,2,0,0
1,Raymon Reifer RSS Feed,westindies,ODIs,2,1,0,7,7,7.0,12.0,58.33,0,0,0.0,0.0,0,0,2,2,53,54,2,2/23,2/23,27.0,6.11,26.5,0,0,0
1,Jason Holder RSS Feed,westindies,ODIs,104,84,17,1744,99*,26.02,1838.0,94.88,0,9,126.0,57.0,45,0,104,101,4819,4459,129,5/27,5/27,34.56,5.55,37.3,4,2,0
0,Obed McCoy RSS Feed,westindies,ODIs,2,1,1,0,0*,-,1,0.0,0,0,0,0,0,0,2,2,84,109,4,2/38,2/38,27.25,7.78,21.0,0,0,0
0,Chandrapaul Hemraj RSS Feed,westindies,ODIs,6,6,0,82,32,13.66,98.0,83.67,0,0,13.0,2.0,2,0,6,1,7,9,0,-,-,-,7.71,-,0,0,0
0,Evin Lewis RSS Feed,westindies,ODIs,40,37,1,1141,176*,31.69,1388.0,82.2,2,5,117.0,28.0,13,0,40,-,-,-,-,-,-,-,-,-,-,-,-
1,John Campbell RSS Feed,westindies,ODIs,6,5,0,248,179,49.6,214,115.88,1,0,25,8,0,0,6,1,6,13,0,-,-,-,13.0,-,0,0,0
1,Alzarri Joseph RSS Feed,westindies,ODIs,16,8,5,104,29*,34.66,121,85.95,0,0,6,4,5,0,16,15,757,818,24,5/56,5/56,34.08,6.48,31.5,1,1,0
1,Shai Hope RSS Feed,westindies,ODIs,63,58,6,2521,170,48.48,3332,75.66,6,13,194,42,64,9,63,-,-,-,-,-,-,-,-,-,-,-,-
0,Rovman Powell RSS Feed,westindies,ODIs,34,31,3,670,101,23.92,806,83.12,1,2,41,30,14,0,34,13,245,243,3,1/7,1/7,81.0,5.95,81.6,0,0,0
1,Andre Russell RSS Feed,westindies,ODIs,56,47,9,1034,92*,27.21,794.0,130.22,0,4,94.0,57.0,11,0,56,55,2290,2229,70,4/35,4/35,31.84,5.84,32.7,5,0,0
0,Oshane Thomas RSS Feed,westindies,ODIs,18,9,5,13,6*,3.25,52,25.0,0,0,1,0,0,0,18,17,692,793,24,5/21,5/21,33.04,6.87,28.8,1,1,0
1,Devendra Bishoo RSS Feed,westindies,ODIs,42,25,10,164,29*,10.93,263.0,62.35,0,0,17.0,1.0,7,0,42,40,2022,1668,38,3/30,3/30,43.89,4.94,53.2,0,0,0
1,Roston Chase RSS Feed,westindies,ODIs,16,12,1,233,51,21.18,326.0,71.47,0,1,12.0,2.0,5,0,16,10,263,237,4,2/47,2/47,59.25,5.4,65.7,0,0,0
1,Sunil Ambris RSS Feed,westindies,ODIs,8,7,2,352,148,70.4,346.0,101.73,1,1,41.0,1.0,2,0,8,-,-,-,-,-,-,-,-,-,-,-,-
0,Jonathan Carter RSS Feed,westindies,ODIs,33,28,3,581,54,23.24,822.0,70.68,0,3,48.0,10.0,7,0,33,12,136,160,4,2/14,2/14,40.0,7.05,34.0,0,0,0
1,Darren Bravo RSS Feed,westindies,ODIs,110,105,13,2839,124,30.85,4045.0,70.18,3,18,235.0,66.0,33,0,110,-,-,-,-,-,-,-,-,-,-,-,-
1,Shimron Hetmyer RSS Feed,westindies,ODIs,34,32,3,1156,127,39.86,1068,108.23,4,4,87,42,15,0,34,-,-,-,-,-,-,-,-,-,-,-,-
